Order_ID,Order_Date,Ship_Date,Customer_ID,Customer_Name,Segment,Country,Region,Category,Sub_Category,Product_Name,Sales,Quantity,Discount,Profit,Shipping_Cost
ORD-100001,2022-01-31,2022-02-24,CUST-6515,Sarah Johnson,Home Office,Mexico,Americas,Furniture,Binders,Product A,3410.35,21,0.0,400.46,375.52
ORD-100002,2022-03-30,2022-04-15,CUST-6267,John Smith,Corporate,Germany,Americas,Office Supplies,Tables,Product A,390.89,17,0.0,44.56,28.64
ORD-100003,2020-10-08,2020-11-02,,John Smith,Home Office,Canada,Americas,Furniture,Binders,Product B,2795.25,14,0.1,361.43,262.8
ORD-100004,2022-11-12,2022-11-18,CUST-8798,Emily Brown,Corporate,France,Europe,Office Supplies,Chairs,Product B,194.53,4,0.0,64.69,27.13
ORD-100005,2019-10-23,2019-11-17,CUST-7027,Mike Davis,Corporate,Australia,Americas,Furniture,Tables,Product A,5096.97,24,0.0,1339.53,663.73
ORD-100006,2020-01-27,2020-02-03,CUST-7146,Emily Brown,Consumer,Mexico,Americas,Technology,Phones,Product C,2926.95,10,0.0,1050.57,243.2
ORD-100007,2023-04-20,2023-04-25,CUST-8646,John Smith,Consumer,Australia,Europe,Technology,Binders,Product A,1752.36,3,0.1,580.54,179.22
ORD-100008,2019-04-06,2019-04-14,CUST-8060,Emily Brown,Consumer,Australia,Asia-Pacific,Office Supplies,Binders,Product D,183.79,13,0.0,70.37,21.96
ORD-100009,2023-04-29,2023-05-23,,Mike Davis,Corporate,Mexico,Europe,Office Supplies,Chairs,Product B,377.51,23,0.15,50.22,35.0
ORD-100010,2023-08-28,2023-09-02,CUST-8458,John Smith,Corporate,United Kingdom,Asia-Pacific,Technology,Paper,Product A,14222.6,22,0.0,3145.34,
ORD-100011,2021-08-09,2021-08-30,CUST-8510,Mike Davis,Consumer,Canada,Europe,Technology,Tables,Product A,10473.25,22,0.0,3040.44,1079.72
ORD-100012,2021-02-05,2021-02-15,CUST-6369,Mike Davis,Corporate,France,Europe,Furniture,Copiers,Product C,4151.45,11,0.1,602.85,496.44
ORD-100013,2022-03-17,2022-03-28,CUST-6016,Emily Brown,Consumer,Australia,Europe,Furniture,Binders,Product A,1891.41,8,0.0,253.53,260.51
ORD-100014,2019-01-02,2019-01-07,CUST-6443,Emily Brown,Consumer,Germany,Asia-Pacific,Office Supplies,Phones,Product C,476.43,23,0.0,151.4,66.09
ORD-100015,2022-02-09,2022-03-10,CUST-6919,Mike Davis,Consumer,Germany,Europe,Technology,Chairs,Product D,10549.23,14,0.0,3118.23,1278.76
ORD-100016,2021-11-22,2021-12-12,CUST-5959,John Smith,Home Office,France,Asia-Pacific,Technology,Paper,Product D,21524.99,22,0.0,4690.93,2434.77
ORD-100017,2021-03-26,2021-04-18,CUST-5190,Robert Wilson,Consumer,United States,Europe,Technology,Paper,Product D,5903.91,14,0.15,617.77,547.99
ORD-100018,2022-03-30,2022-04-06,CUST-5784,John Smith,Consumer,Canada,Asia-Pacific,Office Supplies,Chairs,Product C,640.64,22,0.05,82.74,95.46
ORD-100019,2019-09-03,2019-09-23,CUST-5399,Emily Brown,Consumer,Canada,Asia-Pacific,Technology,Tables,Product C,2067.63,3,0.0,257.38,
ORD-100020,2022-03-12,2022-03-18,CUST-7491,Robert Wilson,Home Office,Australia,Europe,Office Supplies,Chairs,Product D,558.96,19,0.0,103.95,29.65
ORD-100021,2021-12-12,2021-12-28,,Mike Davis,Home Office,United Kingdom,Europe,Furniture,Binders,Product B,3439.04,13,0.0,1065.6,217.6
ORD-100022,2022-10-01,2022-10-10,CUST-5896,Robert Wilson,Consumer,France,Asia-Pacific,Office Supplies,Copiers,Product D,65.14,9,0.05,24.4,4.82
ORD-100023,2023-01-10,2023-01-19,CUST-5452,Emily Brown,Consumer,Australia,Asia-Pacific,Office Supplies,Desks,Product B,145.67,12,0.0,19.82,8.62
ORD-100024,2020-03-07,2020-04-01,CUST-7816,Robert Wilson,Consumer,France,Europe,Technology,Paper,Product D,3463.4,5,0.0,1006.22,
ORD-100025,2021-11-05,2021-12-03,CUST-8913,Mike Davis,Corporate,United States,Asia-Pacific,Technology,Binders,Product A,10210.72,20,0.0,2991.6,1067.65
ORD-100026,2020-02-01,2020-02-17,CUST-5825,Robert Wilson,Corporate,Canada,Americas,Technology,Desks,Product A,8469.84,19,0.05,2513.14,1000.81
ORD-100027,2022-01-03,2022-01-31,CUST-8261,Robert Wilson,Consumer,Germany,Americas,Furniture,Binders,Product A,1600.98,4,0.0,547.62,146.11
ORD-100028,2023-09-15,2023-10-02,CUST-5264,Emily Brown,Consumer,Mexico,Americas,Technology,Phones,Product C,10153.23,17,0.0,2202.09,609.18
ORD-100029,2022-11-08,2022-12-02,CUST-7982,Sarah Johnson,Corporate,Australia,Americas,Technology,Paper,Product C,2314.66,5,0.0,698.46,298.96
ORD-100030,2022-05-23,2022-06-07,CUST-7076,Robert Wilson,Corporate,Australia,Americas,Technology,Phones,Product C,8041.45,10,0.1,2826.93,581.06
ORD-100031,2023-07-30,2023-08-19,CUST-5038,Mike Davis,Consumer,France,Americas,Furniture,Paper,Product A,2107.09,7,0.25,448.55,269.11
ORD-100032,2021-01-23,2021-02-16,CUST-5684,Robert Wilson,Home Office,United States,Asia-Pacific,Furniture,Paper,Product C,185.25,1,0.05,40.77,10.8
ORD-100033,2022-03-18,2022-04-07,CUST-7703,John Smith,Consumer,Mexico,Americas,Office Supplies,Tables,Product D,194.47,4,0.0,49.97,23.25
ORD-100034,2022-09-15,2022-10-05,CUST-8795,Robert Wilson,Consumer,Canada,Europe,Office Supplies,Binders,Product D,250.12,8,0.0,30.84,37.17
ORD-100035,2021-07-13,2021-07-30,CUST-5373,John Smith,Home Office,Germany,Europe,Office Supplies,Desks,Product D,560.74,18,0.0,210.7,77.2
ORD-100036,2022-06-16,,CUST-5475,John Smith,Consumer,Canada,Asia-Pacific,Technology,Paper,Product C,12974.25,22,0.1,1544.63,
ORD-100037,2023-07-27,2023-08-06,CUST-5880,Sarah Johnson,Consumer,Australia,Americas,Technology,Binders,Product C,14779.26,21,0.2,2574.61,929.85
ORD-100038,2021-12-31,2022-01-11,CUST-7966,Robert Wilson,Corporate,Canada,Europe,Office Supplies,Paper,Product B,373.23,22,0.1,128.73,21.96
ORD-100039,2020-07-31,2020-08-15,CUST-5541,Sarah Johnson,Home Office,France,Europe,Technology,Tables,Product A,4043.1,6,0.05,1077.26,495.84
ORD-100040,2019-05-13,2019-05-21,CUST-8254,Mike Davis,Consumer,Canada,Americas,Office Supplies,Phones,Product D,982.03,20,0.0,243.33,111.3
ORD-100041,2023-03-24,2023-04-01,CUST-5523,Sarah Johnson,Home Office,Mexico,Asia-Pacific,Furniture,Phones,Product B,3241.13,18,0.05,1123.17,274.72
ORD-100042,2022-01-06,2022-01-23,CUST-6276,Emily Brown,Consumer,Canada,Americas,Technology,Copiers,Product C,3782.05,15,0.05,1369.38,212.2
ORD-100043,2020-09-30,2020-10-28,CUST-8345,Sarah Johnson,Corporate,Canada,Asia-Pacific,Office Supplies,Phones,Product C,540.91,14,0.0,60.04,65.63
ORD-100044,2021-11-04,2021-12-03,CUST-7156,Sarah Johnson,Consumer,United Kingdom,Europe,Technology,Copiers,Product D,2584.11,7,0.0,512.3,359.33
ORD-100045,2019-04-21,2019-05-17,CUST-7709,Robert Wilson,Home Office,United States,Asia-Pacific,Office Supplies,Phones,Product B,213.39,10,0.0,62.69,18.27
ORD-100046,2023-03-07,2023-03-27,CUST-5003,John Smith,Home Office,France,Europe,Office Supplies,Phones,Product D,175.65,24,0.15,45.21,26.04
ORD-100047,2021-08-04,2021-09-02,CUST-5653,Robert Wilson,Home Office,Mexico,Europe,Office Supplies,Phones,Product C,243.31,19,0.1,94.99,17.02
ORD-100048,2023-03-15,2023-03-23,CUST-7832,John Smith,Home Office,Mexico,Americas,Furniture,Tables,Product C,922.6,6,0.0,109.8,75.87
ORD-100049,2023-04-23,2023-05-20,CUST-7965,Emily Brown,Corporate,Australia,Americas,Technology,Paper,Product D,4374.1,5,0.1,600.52,629.14
ORD-100050,2023-12-08,2023-12-21,CUST-6318,Mike Davis,Corporate,United Kingdom,Europe,Furniture,Paper,Product B,1277.49,3,0.0,382.68,109.71
ORD-100051,2021-11-12,2021-12-01,CUST-6471,Emily Brown,Consumer,United States,Americas,Furniture,Copiers,Product C,4761.32,15,0.0,1770.93,293.72
ORD-100052,2023-08-20,2023-08-25,CUST-6141,Robert Wilson,Home Office,Mexico,Americas,Office Supplies,Copiers,Product C,198.8,6,0.1,66.31,14.01
ORD-100053,2019-08-16,2019-09-02,CUST-8325,Sarah Johnson,Consumer,Germany,Americas,Technology,Phones,Product B,12262.58,15,0.0,1271.15,1306.59
ORD-100054,2020-12-12,2021-01-08,CUST-8204,Robert Wilson,Corporate,France,Asia-Pacific,Technology,Copiers,Product B,3175.19,12,0.15,413.53,389.31
ORD-100055,2021-10-05,2021-10-18,CUST-5566,Mike Davis,Home Office,Germany,Europe,Office Supplies,Copiers,Product A,331.06,8,0.1,45.3,22.03
ORD-100056,2022-12-25,2023-01-07,CUST-7687,Mike Davis,Consumer,Canada,Americas,Furniture,Tables,Product D,2906.85,21,0.05,652.16,413.63
ORD-100057,2021-02-01,2021-02-24,CUST-5688,Emily Brown,Consumer,Australia,Europe,Office Supplies,Phones,Product B,380.34,21,0.15,104.28,19.52
ORD-100058,2020-04-20,2020-05-02,CUST-5768,Mike Davis,Home Office,United States,Americas,Furniture,Copiers,Product B,9657.99,23,0.0,1978.11,1086.5
ORD-100059,2019-07-13,2019-08-08,CUST-7134,Emily Brown,Corporate,France,Europe,Furniture,Desks,Product C,3282.65,19,0.0,1176.95,286.68
ORD-100060,2022-10-04,2022-10-16,CUST-8874,Mike Davis,Consumer,Australia,Asia-Pacific,Furniture,Binders,Product D,7252.88,24,0.0,2020.03,775.65
ORD-100061,2019-06-14,2019-07-10,CUST-6920,Robert Wilson,Corporate,Australia,Asia-Pacific,Furniture,Binders,Product C,5652.74,16,0.0,1813.24,352.04
ORD-100062,2021-01-15,2021-01-21,CUST-7679,Mike Davis,Home Office,Australia,Americas,Technology,Phones,Product C,3208.19,5,0.0,740.57,464.69
ORD-100063,2019-05-08,2019-05-29,CUST-8798,Robert Wilson,Home Office,United States,Europe,Office Supplies,Tables,Product B,301.56,9,0.0,53.49,40.26
ORD-100064,2022-03-15,2022-04-09,CUST-5609,Emily Brown,Consumer,France,Europe,Office Supplies,Paper,Product A,465.56,17,0.0,147.15,29.8
ORD-100065,2021-03-31,2021-04-11,CUST-5148,Mike Davis,Consumer,United States,Europe,Office Supplies,Tables,Product D,595.38,21,0.0,67.93,73.71
ORD-100066,2020-11-06,2020-11-27,CUST-8920,Mike Davis,Home Office,Mexico,Europe,Technology,Paper,Product C,1926.54,2,0.0,270.68,148.33
ORD-100067,2020-04-26,2020-05-09,,Mike Davis,Corporate,Germany,Americas,Office Supplies,Phones,Product B,212.18,9,0.0,66.09,20.36
ORD-100068,2021-05-15,2021-05-31,CUST-6750,Robert Wilson,Consumer,United Kingdom,Asia-Pacific,Technology,Phones,Product D,16323.23,17,0.0,3816.4,1700.72
ORD-100069,2020-12-10,2020-12-22,,Robert Wilson,Corporate,United States,Asia-Pacific,Furniture,Copiers,Product A,833.55,9,0.2,259.79,56.73
ORD-100070,2021-06-01,2021-06-21,CUST-8884,Sarah Johnson,Home Office,Australia,Americas,Office Supplies,Tables,Product A,127.73,18,0.05,30.21,14.62
ORD-100071,2022-04-09,2022-04-21,CUST-5738,Sarah Johnson,Home Office,Australia,Asia-Pacific,Office Supplies,Desks,Product B,394.58,15,0.1,117.78,40.25
ORD-100072,2019-09-08,2019-10-05,CUST-7424,Sarah Johnson,Consumer,Canada,Asia-Pacific,Furniture,Phones,Product A,847.51,7,0.0,107.26,
ORD-100073,2022-10-14,2022-11-07,,John Smith,Consumer,France,Americas,Furniture,Chairs,Product D,656.4,3,0.0,233.58,71.49
ORD-100074,2021-08-21,2021-09-06,CUST-6594,Emily Brown,Corporate,Germany,Americas,Technology,Paper,Product C,2670.32,5,0.0,971.29,258.33
ORD-100075,2022-08-26,2022-09-20,CUST-8170,Emily Brown,Consumer,France,Europe,Technology,Desks,Product A,4140.28,11,0.0,645.6,351.98
ORD-100076,2023-05-16,2023-05-30,CUST-6640,Mike Davis,Corporate,Canada,Europe,Technology,Tables,Product D,14495.33,17,0.0,2425.54,1503.13
,2023-04-14,2023-04-27,,Sarah Johnson,Consumer,Canada,Europe,Technology,Phones,Product A,8507.44,9,0.0,2727.18,640.31
ORD-100078,2022-09-01,2022-09-21,CUST-6285,Mike Davis,Consumer,Germany,Americas,Furniture,Binders,Product A,5260.22,18,0.0,1460.88,445.97
ORD-100079,2020-07-24,2020-08-13,CUST-8465,Mike Davis,Consumer,Mexico,Americas,Furniture,Paper,Product B,6931.52,21,0.05,2258.39,957.15
ORD-100080,2023-04-24,2023-05-16,CUST-5674,Mike Davis,Corporate,Germany,Americas,Office Supplies,Phones,Product C,215.0,12,0.0,61.29,24.33
ORD-100081,2020-08-08,2020-08-21,CUST-8977,John Smith,Home Office,United Kingdom,Asia-Pacific,Office Supplies,Phones,Product B,235.88,5,0.0,72.26,
,2022-02-17,2022-03-11,CUST-7994,Mike Davis,Corporate,Australia,Americas,Office Supplies,Desks,Product C,123.73,12,0.05,40.52,
ORD-100083,2023-04-11,2023-04-17,CUST-6562,Mike Davis,Corporate,Germany,Americas,Office Supplies,Chairs,Product B,37.09,3,0.0,12.55,2.67
ORD-100084,2021-01-17,2021-02-14,,John Smith,Consumer,Australia,Americas,Furniture,Binders,Product B,4193.72,20,0.0,1657.33,584.65
ORD-100085,2022-07-18,2022-08-03,CUST-5377,Mike Davis,Corporate,United States,Americas,Technology,Binders,Product B,11822.05,21,0.0,3063.17,
ORD-100086,2020-06-10,2020-07-09,CUST-6087,Robert Wilson,Corporate,Australia,Americas,Office Supplies,Chairs,Product D,361.54,12,0.0,60.62,41.63
ORD-100087,2023-12-18,2024-01-09,CUST-7936,Emily Brown,Corporate,France,Asia-Pacific,Office Supplies,Binders,Product A,217.65,6,0.0,77.92,11.74
ORD-100088,2020-12-14,2020-12-26,CUST-5142,Sarah Johnson,Consumer,Canada,Americas,Office Supplies,Desks,Product C,7.41,1,0.15,2.57,0.61
ORD-100089,2020-03-03,2020-03-24,CUST-5110,Mike Davis,Consumer,Mexico,Asia-Pacific,Technology,Copiers,Product C,4159.7,6,0.0,1180.87,597.0
ORD-100090,2020-04-03,2020-04-27,CUST-8218,Emily Brown,Corporate,France,Europe,Office Supplies,Paper,Product D,37.14,3,0.0,8.6,4.06
ORD-100091,2023-10-23,2023-11-19,CUST-6982,John Smith,Home Office,Mexico,Europe,Furniture,Copiers,Product D,1090.88,6,0.05,435.15,125.49
ORD-100092,2021-05-11,2021-06-05,CUST-8811,Sarah Johnson,Corporate,Germany,Americas,Technology,Copiers,Product B,3093.88,4,0.05,777.97,313.72
ORD-100093,2021-07-20,2021-07-30,CUST-8369,Emily Brown,Corporate,Mexico,Asia-Pacific,Technology,Phones,Product B,11155.71,22,0.0,2674.51,820.83
ORD-100094,2019-01-02,2019-01-29,CUST-7040,Emily Brown,Consumer,France,Americas,Furniture,Desks,Product C,4034.7,9,0.0,942.47,346.67
ORD-100095,2022-06-06,2022-06-15,CUST-8347,Mike Davis,Consumer,United Kingdom,Americas,Technology,Binders,Product A,8943.33,23,0.0,1091.52,912.02
ORD-100096,2019-11-09,2019-12-05,,Sarah Johnson,Home Office,Germany,Asia-Pacific,Furniture,Chairs,Product C,2063.58,5,0.0,643.04,281.52
ORD-100097,2022-08-09,2022-09-02,CUST-8882,Sarah Johnson,Consumer,United States,Asia-Pacific,Office Supplies,Chairs,Product B,141.07,3,0.0,27.49,7.64
ORD-100098,2023-12-26,2024-01-24,CUST-6364,John Smith,Home Office,Australia,Asia-Pacific,Technology,Copiers,Product D,11264.33,18,0.0,1551.35,724.91
ORD-100099,2020-10-30,2020-11-09,CUST-8952,Emily Brown,Home Office,France,Asia-Pacific,Furniture,Tables,Product D,933.76,2,0.05,198.23,
ORD-100100,2019-12-11,2019-12-29,CUST-6112,Robert Wilson,Consumer,Mexico,Asia-Pacific,Furniture,Chairs,Product A,5281.76,16,0.1,1442.74,348.22
ORD-100101,2020-08-11,2020-08-24,CUST-5454,John Smith,Corporate,Germany,Europe,Technology,Paper,Product C,6551.4,14,0.15,2426.72,535.38
ORD-100102,2021-12-24,2022-01-09,CUST-7889,Sarah Johnson,Home Office,Australia,Americas,Office Supplies,Phones,Product A,478.63,19,0.0,81.97,34.81
ORD-100103,2021-10-23,2021-11-17,CUST-7474,Robert Wilson,Corporate,France,Americas,Office Supplies,Paper,Product C,344.38,12,0.0,59.86,30.8
ORD-100104,2020-09-10,2020-10-07,CUST-8610,Robert Wilson,Consumer,United Kingdom,Asia-Pacific,Technology,Copiers,Product D,843.93,4,0.15,320.97,50.76
ORD-100105,2019-10-18,2019-10-30,CUST-8312,Sarah Johnson,Corporate,Canada,Europe,Office Supplies,Paper,Product B,571.78,17,0.2,146.8,77.73
ORD-100106,2021-08-09,2021-08-17,CUST-5009,Sarah Johnson,Home Office,France,Americas,Office Supplies,Chairs,Product A,401.9,12,0.0,154.9,53.02
ORD-100107,2020-11-12,2020-11-24,CUST-7734,John Smith,Corporate,Mexico,Americas,Furniture,Tables,Product D,1716.18,4,0.0,389.78,102.2
ORD-100108,2022-06-03,2022-06-08,CUST-6343,Mike Davis,Consumer,United States,Europe,Technology,Copiers,Product A,6147.15,16,0.0,994.95,465.27
ORD-100109,2023-08-09,2023-08-16,CUST-5743,Robert Wilson,Corporate,Germany,Asia-Pacific,Office Supplies,Chairs,Product D,424.14,9,0.05,58.75,51.93
ORD-100110,2019-03-14,2019-03-26,CUST-8061,Emily Brown,Home Office,France,Americas,Furniture,Paper,Product B,2153.37,7,0.0,259.02,158.0
ORD-100111,2022-07-06,2022-08-01,CUST-7334,John Smith,Corporate,Australia,Europe,Office Supplies,Copiers,Product D,227.28,6,0.0,54.45,
ORD-100112,2020-09-09,2020-10-08,CUST-5285,Robert Wilson,Consumer,United Kingdom,Asia-Pacific,Technology,Binders,Product B,4733.81,16,0.0,1856.83,
ORD-100113,2020-02-10,2020-03-03,CUST-6866,Mike Davis,Consumer,Germany,Europe,Technology,Binders,Product B,4349.64,20,0.05,830.51,374.13
ORD-100114,2022-12-01,2022-12-09,CUST-8287,Sarah Johnson,Home Office,France,Asia-Pacific,Office Supplies,Phones,Product B,1092.24,22,0.0,388.21,156.25
ORD-100115,2019-05-14,2019-05-21,CUST-6312,Emily Brown,Corporate,United States,Asia-Pacific,Technology,Copiers,Product B,6783.69,21,0.0,1133.45,727.92
,2021-04-12,2021-04-30,CUST-6979,Emily Brown,Corporate,Germany,Asia-Pacific,Office Supplies,Binders,Product A,34.76,3,0.0,7.31,
ORD-100117,2020-06-26,2020-07-14,CUST-7429,Mike Davis,Consumer,United Kingdom,Asia-Pacific,Office Supplies,Desks,Product A,34.78,6,0.0,9.76,3.08
ORD-100118,2021-12-15,2022-01-03,CUST-7148,Emily Brown,Home Office,Mexico,Americas,Furniture,Binders,Product A,1239.24,3,0.0,222.59,147.67
ORD-100119,2021-03-30,2021-04-07,CUST-5509,Sarah Johnson,Home Office,Canada,Asia-Pacific,Office Supplies,Phones,Product C,107.27,5,0.15,16.99,9.81
ORD-100120,2020-02-09,2020-03-06,CUST-5172,Emily Brown,Home Office,Germany,Europe,Office Supplies,Chairs,Product C,669.05,23,0.0,110.1,
ORD-100121,2020-05-11,2020-05-26,CUST-7068,Sarah Johnson,Consumer,United Kingdom,Asia-Pacific,Technology,Paper,Product A,6720.82,21,0.0,1326.71,655.96
ORD-100122,2019-04-15,2019-05-06,CUST-7247,John Smith,Consumer,United States,Europe,Furniture,Copiers,Product A,6981.58,16,0.0,778.64,671.26
ORD-100123,2021-08-13,,CUST-7324,Sarah Johnson,Home Office,Germany,Americas,Furniture,Copiers,Product B,2549.22,23,0.05,319.77,145.84
,2022-06-05,2022-06-20,CUST-6246,John Smith,Home Office,Australia,Asia-Pacific,Technology,Chairs,Product B,5295.61,19,0.0,1578.57,405.14
ORD-100125,2020-04-07,2020-04-29,CUST-6511,Sarah Johnson,Consumer,United Kingdom,Europe,Technology,Phones,Product A,2574.44,4,0.1,667.01,
ORD-100126,2023-09-13,2023-10-03,CUST-6748,Emily Brown,Home Office,Canada,Asia-Pacific,Office Supplies,Tables,Product B,218.31,17,0.15,46.2,20.51
ORD-100127,2019-04-23,2019-05-21,CUST-5662,Emily Brown,Home Office,Canada,Europe,Furniture,Tables,Product D,3975.94,23,0.15,1046.49,286.69
ORD-100128,2020-08-20,2020-09-15,CUST-8754,Robert Wilson,Consumer,France,Americas,Technology,Paper,Product A,3969.98,13,0.0,1261.64,283.26
ORD-100129,2020-11-26,2020-12-03,CUST-6923,Mike Davis,Corporate,Mexico,Asia-Pacific,Technology,Desks,Product B,6311.98,7,0.0,1452.64,667.83
ORD-100130,2023-02-23,2023-03-24,CUST-6037,John Smith,Consumer,France,Asia-Pacific,Office Supplies,Desks,Product A,80.54,2,0.0,21.45,
ORD-100131,2022-11-01,2022-11-25,CUST-6492,Robert Wilson,Home Office,Australia,Asia-Pacific,Technology,Desks,Product B,5085.04,6,0.15,1070.37,621.43
ORD-100132,2021-07-30,2021-08-07,CUST-8741,Sarah Johnson,Consumer,United Kingdom,Americas,Furniture,Tables,Product C,5944.06,23,0.15,1884.39,431.21
ORD-100133,2022-04-26,2022-05-19,CUST-7160,John Smith,Home Office,France,Asia-Pacific,Furniture,Desks,Product C,8325.93,22,0.05,3285.34,1103.3
ORD-100134,2023-07-10,2023-07-31,CUST-7184,Sarah Johnson,Home Office,Australia,Asia-Pacific,Technology,Paper,Product A,11223.27,22,0.05,3264.32,693.98
ORD-100135,2020-05-14,2020-05-28,CUST-5580,Robert Wilson,Home Office,Germany,Asia-Pacific,Office Supplies,Paper,Product D,533.66,17,0.0,165.06,68.45
ORD-100136,2019-02-18,2019-03-15,CUST-8640,Emily Brown,Consumer,United Kingdom,Europe,Office Supplies,Chairs,Product D,182.7,4,0.0,68.12,9.26
ORD-100137,2020-12-25,2021-01-22,CUST-6251,Mike Davis,Corporate,France,Asia-Pacific,Office Supplies,Binders,Product B,121.26,3,0.0,47.59,11.26
ORD-100138,2019-09-07,2019-09-22,CUST-8737,Emily Brown,Consumer,United Kingdom,Europe,Furniture,Phones,Product A,121.11,1,0.1,20.71,12.7
ORD-100139,2019-06-14,2019-07-09,CUST-7537,John Smith,Consumer,Mexico,Asia-Pacific,Office Supplies,Copiers,Product B,129.38,5,0.0,50.67,10.99
ORD-100140,2021-10-11,2021-10-16,CUST-8183,John Smith,Consumer,Germany,Europe,Furniture,Desks,Product B,4214.47,11,0.0,1108.67,403.87
ORD-100141,2019-04-08,2019-04-28,CUST-5531,Sarah Johnson,Consumer,Australia,Europe,Technology,Copiers,Product D,7320.03,12,0.0,2502.87,404.03
,2021-06-02,2021-06-28,CUST-6991,Emily Brown,Consumer,Australia,Europe,Technology,Chairs,Product B,6647.63,20,0.15,1564.66,845.59
ORD-100143,2021-10-08,2021-10-15,CUST-8143,John Smith,Home Office,United Kingdom,Asia-Pacific,Office Supplies,Copiers,Product C,447.27,18,0.0,70.97,26.57
ORD-100144,2019-08-26,2019-09-07,,Robert Wilson,Corporate,United Kingdom,Europe,Office Supplies,Binders,Product D,391.28,12,0.0,81.75,26.17
ORD-100145,2023-07-01,2023-07-10,CUST-6283,Emily Brown,Corporate,France,Europe,Office Supplies,Phones,Product B,664.77,19,0.15,167.23,61.01
ORD-100146,2023-10-25,2023-11-21,CUST-5645,Mike Davis,Consumer,United States,Asia-Pacific,Technology,Binders,Product D,858.37,1,0.0,139.85,126.48
ORD-100147,2022-11-01,2022-11-16,CUST-6698,Emily Brown,Home Office,United Kingdom,Americas,Office Supplies,Desks,Product A,879.2,21,0.0,319.98,65.44
ORD-100148,2019-11-03,2019-11-22,CUST-6089,Mike Davis,Corporate,Mexico,Americas,Office Supplies,Binders,Product C,455.72,23,0.05,160.61,67.41
ORD-100149,2020-03-29,2020-04-11,CUST-5459,John Smith,Home Office,Australia,Asia-Pacific,Furniture,Copiers,Product A,869.43,3,0.05,166.58,46.36
ORD-100150,2023-11-23,2023-12-10,CUST-6565,Mike Davis,Corporate,Mexico,Americas,Technology,Binders,Product A,3695.61,6,0.05,492.61,354.91
,2019-10-08,2019-10-20,CUST-7810,Emily Brown,Corporate,France,Asia-Pacific,Office Supplies,Copiers,Product A,339.4,22,0.15,126.68,44.29
ORD-100152,2023-03-12,2023-04-04,CUST-7269,John Smith,Corporate,France,Americas,Technology,Binders,Product C,1574.06,4,0.0,163.26,126.12
ORD-100153,2019-03-09,2019-03-21,CUST-6585,Robert Wilson,Consumer,Germany,Europe,Office Supplies,Copiers,Product A,249.46,22,0.15,30.86,32.29
ORD-100154,2022-09-10,2022-09-30,CUST-7379,Emily Brown,Home Office,United Kingdom,Americas,Furniture,Phones,Product C,9740.87,21,0.0,2929.66,1343.24
ORD-100155,2020-06-10,2020-06-23,CUST-5578,Emily Brown,Corporate,United Kingdom,Americas,Technology,Desks,Product D,14735.46,22,0.05,4089.23,1086.64
ORD-100156,2022-03-31,2022-04-27,CUST-6644,John Smith,Consumer,Australia,Europe,Furniture,Tables,Product D,515.96,6,0.15,57.75,72.62
ORD-100157,2019-05-22,2019-05-29,CUST-7665,Mike Davis,Consumer,Germany,Americas,Furniture,Phones,Product B,610.97,6,0.15,213.84,47.96
ORD-100158,2019-08-21,2019-09-03,CUST-7174,Robert Wilson,Consumer,United States,Americas,Furniture,Chairs,Product D,10846.68,24,0.0,2955.0,
,2023-07-02,2023-07-25,CUST-8760,Emily Brown,Consumer,Germany,Americas,Furniture,Desks,Product B,6197.95,16,0.0,2393.71,844.71
ORD-100160,2022-09-09,2022-09-14,CUST-7497,Mike Davis,Corporate,Germany,Asia-Pacific,Technology,Tables,Product A,12014.14,15,0.0,1457.34,1026.93
ORD-100161,2022-07-13,2022-07-31,,Emily Brown,Home Office,France,Americas,Office Supplies,Tables,Product C,223.59,7,0.15,30.45,12.67
ORD-100162,2022-08-27,2022-09-13,CUST-8500,John Smith,Corporate,Germany,Americas,Technology,Paper,Product B,9745.87,17,0.0,3362.49,
ORD-100163,2023-07-16,2023-08-01,CUST-7487,Emily Brown,Home Office,Mexico,Asia-Pacific,Office Supplies,Paper,Product C,174.14,9,0.0,47.83,19.17
ORD-100164,2022-05-04,2022-05-13,CUST-7372,Sarah Johnson,Consumer,Australia,Asia-Pacific,Furniture,Binders,Product D,3370.23,10,0.05,681.4,
ORD-100165,2022-05-12,2022-05-22,CUST-6257,Mike Davis,Home Office,United Kingdom,Americas,Furniture,Desks,Product B,1990.5,13,0.2,782.74,126.55
ORD-100166,2019-05-05,2019-05-24,CUST-6523,John Smith,Corporate,Canada,Americas,Furniture,Paper,Product D,902.35,5,0.2,330.73,119.72
ORD-100167,2021-10-04,2021-10-30,CUST-7989,Emily Brown,Consumer,United States,Americas,Furniture,Paper,Product D,5261.89,13,0.0,1842.16,422.18
ORD-100168,2019-05-19,2019-05-30,CUST-8735,Sarah Johnson,Consumer,United Kingdom,Asia-Pacific,Technology,Tables,Product A,5767.51,24,0.25,1989.95,739.62
ORD-100169,2021-09-25,2021-10-20,CUST-8588,John Smith,Consumer,Germany,Europe,Furniture,Binders,Product A,6406.91,19,0.0,1792.24,614.08
ORD-100170,2020-07-11,2020-07-27,CUST-6946,Mike Davis,Consumer,Mexico,Asia-Pacific,Office Supplies,Chairs,Product C,623.33,16,0.0,154.32,61.8
ORD-100171,2023-11-13,2023-12-04,,John Smith,Consumer,France,Asia-Pacific,Technology,Chairs,Product A,12270.48,18,0.0,3404.1,1198.19
ORD-100172,2021-04-19,2021-05-12,CUST-8637,Sarah Johnson,Corporate,Mexico,Asia-Pacific,Technology,Desks,Product D,3506.37,5,0.0,1325.11,
ORD-100173,2019-05-06,2019-05-31,CUST-7958,Robert Wilson,Consumer,Mexico,Europe,Office Supplies,Paper,Product D,157.83,15,0.25,62.88,7.93
,2020-10-09,2020-10-18,CUST-5909,Emily Brown,Home Office,United States,Asia-Pacific,Furniture,Paper,Product A,519.28,2,0.0,164.58,61.66
ORD-100175,2022-08-06,2022-08-23,CUST-6950,Emily Brown,Home Office,Mexico,Europe,Furniture,Desks,Product C,2206.62,16,0.05,778.11,215.87
ORD-100176,2023-01-14,2023-01-26,CUST-7773,John Smith,Corporate,France,Asia-Pacific,Technology,Copiers,Product C,12785.29,22,0.0,2145.48,1890.92
ORD-100177,2020-06-27,2020-07-11,CUST-6035,Sarah Johnson,Corporate,United Kingdom,Europe,Office Supplies,Desks,Product D,217.83,14,0.0,41.6,23.16
ORD-100178,2019-12-20,,CUST-5888,Robert Wilson,Consumer,Australia,Americas,Furniture,Binders,Product C,2018.59,17,0.0,369.1,113.58
ORD-100179,2020-09-24,2020-09-29,CUST-8769,Sarah Johnson,Home Office,United States,Asia-Pacific,Technology,Paper,Product A,1662.29,2,0.0,610.99,234.37
ORD-100180,2023-10-19,2023-11-16,CUST-8026,Mike Davis,Corporate,Australia,Asia-Pacific,Technology,Binders,Product A,14625.51,21,0.05,5701.23,2121.83
ORD-100181,2021-03-20,2021-04-10,CUST-7078,Sarah Johnson,Corporate,Australia,Americas,Furniture,Chairs,Product A,550.66,3,0.0,115.98,30.42
ORD-100182,2022-04-04,2022-04-19,CUST-7535,John Smith,Corporate,United States,Americas,Office Supplies,Binders,Product A,399.61,23,0.05,56.34,49.49
ORD-100183,2022-06-29,2022-07-14,CUST-5397,Sarah Johnson,Consumer,United States,Americas,Technology,Tables,Product A,12573.88,22,0.1,1634.1,932.84
ORD-100184,2020-01-22,2020-02-10,CUST-7151,Emily Brown,Consumer,United Kingdom,Europe,Office Supplies,Desks,Product D,517.69,20,0.0,201.41,60.96
ORD-100185,2023-12-24,2024-01-19,CUST-6551,Mike Davis,Corporate,Mexico,Asia-Pacific,Furniture,Paper,Product D,1856.1,9,0.0,195.38,236.31
ORD-100186,2021-08-30,2021-09-10,CUST-7459,Robert Wilson,Home Office,United States,Asia-Pacific,Technology,Copiers,Product D,5934.97,8,0.1,1408.95,476.53
ORD-100187,2020-04-15,2020-05-01,CUST-8512,Sarah Johnson,Corporate,United States,Asia-Pacific,Office Supplies,Chairs,Product B,171.47,5,0.0,50.3,21.89
ORD-100188,2020-05-21,2020-06-07,CUST-7606,John Smith,Home Office,Germany,Americas,Technology,Phones,Product B,3880.05,8,0.05,1172.7,327.94
ORD-100189,2021-03-04,2021-03-25,CUST-8645,Sarah Johnson,Consumer,United Kingdom,Americas,Office Supplies,Phones,Product B,260.74,11,0.0,49.69,22.27
ORD-100190,2019-10-29,2019-11-15,CUST-6605,John Smith,Corporate,Mexico,Europe,Technology,Binders,Product C,2204.09,6,0.0,253.46,326.47
ORD-100191,2022-06-29,2022-07-19,CUST-5882,Robert Wilson,Corporate,France,Americas,Technology,Tables,Product A,6595.16,12,0.0,1833.9,
ORD-100192,2022-10-09,2022-10-30,CUST-8671,Sarah Johnson,Home Office,Germany,Europe,Technology,Phones,Product A,592.81,2,0.1,144.09,44.3
ORD-100193,2019-03-27,2019-04-12,CUST-5348,Mike Davis,Consumer,Canada,Americas,Furniture,Binders,Product A,1065.8,10,0.1,364.96,108.15
ORD-100194,2022-04-11,2022-04-25,CUST-8674,Sarah Johnson,Corporate,Australia,Asia-Pacific,Furniture,Phones,Product A,176.95,2,0.25,58.09,15.79
ORD-100195,2019-10-01,2019-10-18,CUST-6216,John Smith,Consumer,Mexico,Europe,Furniture,Phones,Product B,1659.22,4,0.1,602.64,87.53
ORD-100196,2021-10-12,2021-10-29,CUST-8716,Robert Wilson,Consumer,United Kingdom,Americas,Furniture,Phones,Product D,2981.01,11,0.0,589.95,191.92
ORD-100197,2021-03-01,2021-03-15,CUST-7754,Mike Davis,Corporate,United Kingdom,Americas,Technology,Copiers,Product A,3722.01,8,0.0,1326.93,212.59
ORD-100198,2022-04-02,2022-04-08,,John Smith,Corporate,United Kingdom,Asia-Pacific,Furniture,Binders,Product B,536.58,2,0.15,99.13,28.85
ORD-100199,2022-09-11,2022-09-20,CUST-5419,John Smith,Corporate,Australia,Asia-Pacific,Furniture,Paper,Product A,1649.96,6,0.0,601.94,
ORD-100200,2022-09-28,2022-10-20,CUST-7708,John Smith,Corporate,Germany,Americas,Office Supplies,Tables,Product C,189.69,16,0.1,40.08,24.79
ORD-100201,2023-12-28,2024-01-11,CUST-7800,John Smith,Home Office,Canada,Asia-Pacific,Office Supplies,Copiers,Product A,299.52,9,0.0,73.25,43.41
ORD-100202,2020-07-16,2020-07-24,,John Smith,Consumer,Australia,Europe,Furniture,Paper,Product A,1114.35,8,0.0,380.06,69.66
ORD-100203,2022-03-10,2022-03-20,CUST-6937,John Smith,Consumer,Mexico,Americas,Office Supplies,Tables,Product C,489.24,17,0.05,187.93,43.08
ORD-100204,2022-12-13,2022-12-25,CUST-7330,Robert Wilson,Corporate,United States,Europe,Office Supplies,Phones,Product C,31.15,2,0.0,9.7,3.26
ORD-100205,2020-10-20,2020-11-05,CUST-8697,Mike Davis,Home Office,Canada,Americas,Technology,Tables,Product B,13300.44,20,0.05,2593.12,1332.06
ORD-100206,2020-05-14,2020-06-03,CUST-6341,Sarah Johnson,Consumer,United Kingdom,Europe,Furniture,Chairs,Product C,5064.85,21,0.0,1450.51,624.34
ORD-100207,2020-12-26,2021-01-04,CUST-8100,Sarah Johnson,Corporate,France,Asia-Pacific,Technology,Copiers,Product B,3994.97,7,0.2,1204.26,279.25
ORD-100208,2019-12-27,2020-01-25,CUST-8654,Mike Davis,Corporate,Germany,Europe,Office Supplies,Tables,Product B,504.06,17,0.0,198.44,34.77
ORD-100209,2019-04-08,2019-05-07,CUST-8179,Mike Davis,Corporate,United Kingdom,Europe,Technology,Binders,Product C,3277.97,6,0.2,403.5,
ORD-100210,2020-01-02,2020-01-08,,Emily Brown,Consumer,Canada,Europe,Office Supplies,Chairs,Product C,91.09,3,0.0,21.43,9.87
ORD-100211,2022-03-23,2022-04-21,CUST-6030,John Smith,Consumer,Australia,Asia-Pacific,Office Supplies,Chairs,Product D,93.29,22,0.2,30.94,8.15
ORD-100212,2019-03-24,2019-03-29,CUST-6432,Emily Brown,Consumer,Germany,Europe,Office Supplies,Copiers,Product C,139.27,10,0.05,41.71,17.31
ORD-100213,2020-10-05,2020-10-18,,John Smith,Corporate,Mexico,Americas,Technology,Chairs,Product B,4113.3,11,0.05,1292.47,287.63
ORD-100214,2019-03-10,2019-03-25,CUST-7366,Robert Wilson,Home Office,Germany,Europe,Office Supplies,Phones,Product C,95.61,3,0.0,26.62,7.96
ORD-100215,2021-05-19,2021-05-24,CUST-5567,Mike Davis,Home Office,France,Asia-Pacific,Technology,Paper,Product B,13112.59,14,0.0,3610.35,1008.17
,2020-03-20,2020-04-04,CUST-8644,Mike Davis,Corporate,Canada,Europe,Technology,Phones,Product D,2210.6,11,0.2,768.01,208.66
ORD-100217,2021-09-14,2021-10-03,CUST-7668,Emily Brown,Home Office,Mexico,Europe,Furniture,Tables,Product C,1163.34,6,0.05,172.0,66.37
ORD-100218,2021-08-21,2021-08-30,CUST-6200,Sarah Johnson,Home Office,Canada,Asia-Pacific,Furniture,Desks,Product C,2606.55,21,0.05,943.03,186.64
ORD-100219,2021-04-27,2021-05-02,CUST-7872,John Smith,Consumer,Germany,Americas,Furniture,Paper,Product C,1807.52,6,0.0,285.88,212.73
ORD-100220,2023-08-28,2023-09-24,CUST-5720,Mike Davis,Corporate,United Kingdom,Asia-Pacific,Furniture,Desks,Product C,2657.82,16,0.0,267.37,327.55
ORD-100221,2021-08-31,2021-09-14,CUST-7410,Robert Wilson,Home Office,United Kingdom,Europe,Technology,Chairs,Product C,4039.22,9,0.0,606.2,310.05
ORD-100222,2022-08-05,2022-08-10,CUST-5831,Robert Wilson,Home Office,Canada,Asia-Pacific,Technology,Paper,Product C,6000.9,10,0.0,1341.73,678.95
ORD-100223,2020-10-01,2020-10-29,CUST-8458,Robert Wilson,Consumer,Australia,Americas,Office Supplies,Paper,Product C,159.98,5,0.1,53.1,20.42
ORD-100224,2020-02-20,2020-03-11,CUST-5658,Sarah Johnson,Corporate,United Kingdom,Americas,Furniture,Chairs,Product A,6178.08,24,0.1,2238.02,387.6
ORD-100225,2023-12-12,2023-12-19,CUST-8406,Emily Brown,Consumer,France,Europe,Technology,Binders,Product A,3397.64,8,0.0,551.73,
ORD-100226,2021-12-08,2021-12-25,CUST-7621,Emily Brown,Corporate,Germany,Americas,Office Supplies,Tables,Product D,1097.21,22,0.0,293.74,79.01
ORD-100227,2021-04-22,2021-05-07,CUST-8439,Robert Wilson,Corporate,Mexico,Europe,Technology,Phones,Product C,11995.05,17,0.0,1542.7,658.12
ORD-100228,2023-02-12,2023-03-08,CUST-8647,Sarah Johnson,Home Office,Germany,Asia-Pacific,Furniture,Binders,Product B,1914.66,12,0.05,303.46,239.33
ORD-100229,2023-02-17,2023-03-14,CUST-5394,John Smith,Corporate,Canada,Europe,Office Supplies,Desks,Product B,276.39,13,0.05,76.44,30.4
ORD-100230,2022-04-16,2022-05-02,CUST-8449,Robert Wilson,Corporate,Australia,Europe,Technology,Tables,Product D,12816.08,17,0.0,2296.88,1456.39
ORD-100231,2021-06-21,2021-07-17,,Robert Wilson,Home Office,Germany,Asia-Pacific,Office Supplies,Paper,Product D,529.72,15,0.1,82.8,63.51
ORD-100232,2023-08-26,2023-09-14,CUST-5892,Mike Davis,Corporate,Canada,Europe,Furniture,Binders,Product D,7336.33,24,0.0,2354.0,855.98
ORD-100233,2019-10-26,,CUST-7548,Mike Davis,Consumer,Mexico,Asia-Pacific,Technology,Phones,Product B,6817.25,15,0.0,2647.47,919.77
ORD-100234,2022-12-09,2022-12-27,CUST-5018,Mike Davis,Consumer,United Kingdom,Asia-Pacific,Office Supplies,Desks,Product B,78.61,15,0.0,29.99,7.09
ORD-100235,2020-07-26,2020-08-10,CUST-8749,John Smith,Home Office,Australia,Asia-Pacific,Furniture,Phones,Product C,4863.75,14,0.0,1410.11,458.68
ORD-100236,2019-10-15,2019-10-30,CUST-6874,John Smith,Corporate,Mexico,Asia-Pacific,Furniture,Copiers,Product D,10486.89,22,0.0,1575.21,1248.87
ORD-100237,2019-07-12,2019-07-31,CUST-8293,Mike Davis,Corporate,Canada,Asia-Pacific,Office Supplies,Binders,Product D,193.36,17,0.1,20.45,21.46
ORD-100238,2019-03-31,2019-04-17,CUST-8792,Emily Brown,Corporate,Germany,Americas,Furniture,Binders,Product C,749.11,6,0.05,241.34,81.96
ORD-100239,2022-03-13,2022-03-31,CUST-8294,John Smith,Home Office,Australia,Americas,Office Supplies,Copiers,Product C,312.0,15,0.05,106.09,19.51
ORD-100240,2021-06-03,2021-06-21,CUST-8429,Sarah Johnson,Consumer,Australia,Americas,Technology,Binders,Product C,13732.88,17,0.15,1723.9,784.2
ORD-100241,2020-04-29,2020-05-23,CUST-8611,John Smith,Consumer,France,Americas,Technology,Binders,Product A,1655.72,8,0.0,242.85,187.19
ORD-100242,2021-11-02,2021-11-10,CUST-7500,Sarah Johnson,Corporate,France,Asia-Pacific,Furniture,Phones,Product D,8025.54,18,0.0,1175.56,790.15
ORD-100243,2022-10-10,2022-10-26,CUST-5971,John Smith,Home Office,United States,Americas,Office Supplies,Copiers,Product B,393.42,23,0.25,123.75,33.98
ORD-100244,2022-07-18,2022-08-06,CUST-7491,John Smith,Home Office,Australia,Americas,Technology,Tables,Product D,14570.73,17,0.1,1526.24,1414.62
ORD-100245,2021-11-07,2021-11-27,CUST-6574,John Smith,Home Office,United Kingdom,Asia-Pacific,Technology,Paper,Product D,7689.25,8,0.0,1173.74,829.91
ORD-100246,2022-04-25,2022-05-05,CUST-6229,Mike Davis,Corporate,United Kingdom,Americas,Technology,Desks,Product C,1038.81,3,0.0,361.21,148.25
ORD-100247,2023-11-27,2023-12-13,,Sarah Johnson,Home Office,Australia,Americas,Furniture,Desks,Product A,1845.53,5,0.0,306.64,253.59
ORD-100248,2019-10-03,2019-10-27,CUST-7746,Robert Wilson,Consumer,France,Americas,Furniture,Copiers,Product A,137.51,1,0.0,33.81,7.43
ORD-100249,2023-03-01,2023-03-30,CUST-6647,John Smith,Home Office,Canada,Europe,Furniture,Tables,Product D,6869.4,18,0.0,2614.16,829.91
ORD-100250,2019-05-23,2019-06-05,CUST-7187,John Smith,Home Office,Germany,Asia-Pacific,Office Supplies,Paper,Product B,867.68,20,0.0,328.43,112.45
ORD-100251,2021-10-13,2021-11-11,CUST-8478,Sarah Johnson,Corporate,United Kingdom,Americas,Technology,Phones,Product A,5085.38,11,0.1,1653.92,647.25
ORD-100252,2020-05-07,2020-05-30,CUST-6051,Sarah Johnson,Consumer,United States,Asia-Pacific,Office Supplies,Phones,Product C,120.74,19,0.0,46.9,17.3
ORD-100253,2019-10-20,2019-11-12,CUST-8943,Mike Davis,Corporate,United States,Asia-Pacific,Office Supplies,Binders,Product A,17.48,4,0.2,5.5,1.96
ORD-100254,2019-07-29,2019-08-18,CUST-6602,Sarah Johnson,Home Office,United Kingdom,Europe,Furniture,Phones,Product B,663.82,4,0.0,114.17,51.31
ORD-100255,2021-09-28,2021-10-11,CUST-7209,Sarah Johnson,Corporate,Mexico,Asia-Pacific,Office Supplies,Binders,Product D,843.85,24,0.1,98.46,
ORD-100256,2023-02-03,2023-02-11,CUST-8214,Sarah Johnson,Home Office,United States,Europe,Technology,Desks,Product B,947.37,2,0.0,216.94,58.73
ORD-100257,2021-08-05,2021-08-24,CUST-5871,Mike Davis,Consumer,Germany,Americas,Office Supplies,Desks,Product B,35.18,5,0.0,5.82,
ORD-100258,2019-12-11,2020-01-04,CUST-5359,Emily Brown,Home Office,Mexico,Americas,Furniture,Tables,Product B,651.32,5,0.0,135.78,70.67
ORD-100259,2023-12-08,2023-12-24,CUST-6270,Emily Brown,Corporate,Germany,Asia-Pacific,Technology,Chairs,Product D,7605.22,8,0.0,2628.53,577.75
ORD-100260,2021-06-15,2021-07-12,CUST-6808,John Smith,Consumer,Australia,Americas,Office Supplies,Phones,Product B,35.99,1,0.0,13.29,2.07
ORD-100261,2023-08-04,2023-08-25,CUST-6083,Robert Wilson,Consumer,France,Americas,Office Supplies,Phones,Product B,79.32,6,0.0,11.25,10.01
ORD-100262,2020-02-11,2020-03-11,CUST-8470,Mike Davis,Corporate,Australia,Americas,Office Supplies,Copiers,Product C,688.74,20,0.0,196.82,98.36
ORD-100263,2021-01-20,2021-02-05,CUST-5799,Emily Brown,Consumer,Mexico,Asia-Pacific,Technology,Paper,Product B,10451.32,20,0.0,3658.94,1162.01
ORD-100264,2021-04-05,2021-04-23,CUST-5135,Mike Davis,Home Office,Australia,Europe,Furniture,Copiers,Product A,446.65,4,0.0,166.23,32.16
ORD-100265,2023-02-19,2023-03-08,CUST-5170,Robert Wilson,Home Office,United Kingdom,Asia-Pacific,Office Supplies,Copiers,Product A,221.72,7,0.05,48.99,22.87
ORD-100266,2019-12-16,2019-12-26,CUST-5446,Mike Davis,Consumer,France,Americas,Office Supplies,Desks,Product C,563.95,23,0.0,98.61,43.67
ORD-100267,2021-03-21,2021-04-11,CUST-6416,Emily Brown,Consumer,United States,Asia-Pacific,Technology,Binders,Product C,3639.45,5,0.15,844.98,321.09
ORD-100268,2022-07-17,2022-07-22,CUST-7415,John Smith,Consumer,Mexico,Americas,Office Supplies,Desks,Product B,297.22,9,0.0,49.58,31.1
ORD-100269,2023-02-22,2023-03-23,CUST-7950,John Smith,Corporate,France,Asia-Pacific,Office Supplies,Phones,Product D,109.65,9,0.0,22.0,
ORD-100270,2019-09-15,2019-10-01,CUST-7345,Emily Brown,Corporate,Canada,Europe,Furniture,Binders,Product A,1142.62,11,0.0,408.36,165.31
ORD-100271,2021-09-25,2021-10-21,CUST-5252,John Smith,Corporate,Mexico,Asia-Pacific,Office Supplies,Binders,Product A,685.36,15,0.0,145.58,37.73
ORD-100272,2020-06-03,2020-06-12,CUST-8502,Emily Brown,Corporate,Germany,Asia-Pacific,Office Supplies,Tables,Product A,211.06,12,0.0,42.13,28.93
ORD-100273,2020-09-09,2020-10-04,CUST-7081,Robert Wilson,Home Office,Australia,Americas,Furniture,Tables,Product B,4533.85,20,0.05,1007.94,304.35
ORD-100274,2019-08-09,2019-08-17,,Mike Davis,Home Office,United Kingdom,Americas,Office Supplies,Paper,Product B,239.15,7,0.0,86.7,15.33
ORD-100275,2021-09-15,2021-10-01,CUST-5287,Sarah Johnson,Consumer,Canada,Americas,Office Supplies,Tables,Product D,102.78,10,0.0,15.49,12.97
ORD-100276,2022-03-07,2022-03-13,CUST-6371,John Smith,Consumer,France,Asia-Pacific,Office Supplies,Copiers,Product D,368.6,21,0.0,51.14,40.66
ORD-100277,2022-04-19,2022-05-03,CUST-8387,Emily Brown,Corporate,Canada,Asia-Pacific,Technology,Phones,Product D,6503.83,11,0.2,2302.78,765.16
ORD-100278,2023-12-22,2024-01-05,CUST-6497,John Smith,Consumer,Germany,Americas,Office Supplies,Desks,Product D,169.34,22,0.0,23.59,22.85
ORD-100279,2022-12-18,2022-12-31,CUST-8265,Robert Wilson,Consumer,Canada,Americas,Office Supplies,Copiers,Product D,48.1,2,0.1,16.03,5.89
ORD-100280,2020-09-04,2020-09-28,CUST-7253,Robert Wilson,Home Office,Germany,Europe,Furniture,Binders,Product D,4765.11,14,0.0,963.92,432.0
ORD-100281,2020-12-29,,CUST-5911,John Smith,Corporate,France,Asia-Pacific,Furniture,Paper,Product C,4801.98,23,0.0,794.09,544.41
ORD-100282,2022-03-11,2022-03-22,CUST-6268,Mike Davis,Home Office,United Kingdom,Americas,Office Supplies,Chairs,Product D,247.08,9,0.0,48.3,28.29
ORD-100283,2019-03-24,2019-04-11,CUST-6270,John Smith,Corporate,Australia,Americas,Office Supplies,Binders,Product D,563.02,20,0.0,70.67,49.54
ORD-100284,2020-08-30,2020-09-14,CUST-8397,Robert Wilson,Home Office,France,Asia-Pacific,Technology,Tables,Product A,18633.71,22,0.15,5120.81,1540.9
ORD-100285,2019-05-11,2019-05-18,CUST-7099,Robert Wilson,Home Office,United Kingdom,Americas,Furniture,Paper,Product B,8084.59,20,0.1,2021.05,904.81
ORD-100286,2021-12-02,2021-12-25,CUST-6802,Sarah Johnson,Corporate,Mexico,Europe,Office Supplies,Desks,Product C,675.32,23,0.0,84.96,
ORD-100287,2023-03-27,2023-04-06,CUST-7406,Robert Wilson,Home Office,Mexico,Europe,Office Supplies,Binders,Product A,481.36,14,0.0,70.36,50.29
ORD-100288,2023-08-17,2023-08-27,CUST-7352,Sarah Johnson,Home Office,Mexico,Americas,Office Supplies,Tables,Product D,96.05,5,0.0,11.24,11.55
ORD-100289,2023-01-01,2023-01-14,CUST-5719,Emily Brown,Consumer,Australia,Europe,Technology,Paper,Product A,4419.99,11,0.2,524.26,444.62
ORD-100290,2019-03-20,2019-04-07,CUST-5329,Sarah Johnson,Home Office,France,Europe,Furniture,Chairs,Product C,4032.43,15,0.05,883.44,368.95
ORD-100291,2023-02-28,2023-03-22,CUST-7236,Mike Davis,Home Office,United Kingdom,Americas,Office Supplies,Paper,Product D,35.4,1,0.0,3.94,4.24
ORD-100292,2019-10-19,2019-11-10,CUST-8110,John Smith,Home Office,Mexico,Europe,Technology,Binders,Product B,16254.28,18,0.0,4348.11,1416.64
ORD-100293,2023-08-21,2023-09-16,CUST-6735,Mike Davis,Corporate,United Kingdom,Europe,Technology,Paper,Product B,1517.96,4,0.1,580.26,208.74
ORD-100294,2020-08-29,2020-09-07,CUST-5270,Sarah Johnson,Consumer,Canada,Americas,Office Supplies,Binders,Product C,429.97,10,0.1,45.84,25.2
ORD-100295,2019-06-21,2019-07-17,CUST-5880,Sarah Johnson,Home Office,Australia,Asia-Pacific,Office Supplies,Paper,Product D,265.23,18,0.0,61.74,
ORD-100296,2019-01-22,2019-01-28,CUST-5428,Robert Wilson,Corporate,Canada,Americas,Technology,Copiers,Product A,12220.2,23,0.0,4733.91,1350.44
ORD-100297,2023-04-27,2023-05-22,CUST-8420,Mike Davis,Corporate,Mexico,Asia-Pacific,Technology,Tables,Product D,2990.69,15,0.05,427.33,222.56
ORD-100298,2020-06-03,2020-06-30,CUST-5838,Sarah Johnson,Home Office,United Kingdom,Asia-Pacific,Office Supplies,Chairs,Product B,627.86,21,0.0,160.82,44.07
ORD-100299,2022-12-02,2022-12-23,CUST-7936,Mike Davis,Consumer,Canada,Asia-Pacific,Furniture,Phones,Product C,3148.49,16,0.1,387.76,197.39
ORD-100300,2021-08-22,2021-09-06,CUST-5467,Emily Brown,Corporate,France,Americas,Furniture,Chairs,Product D,1437.74,11,0.0,145.58,164.16
ORD-100301,2021-03-24,2021-04-22,CUST-7860,Sarah Johnson,Home Office,Canada,Europe,Office Supplies,Copiers,Product C,130.1,16,0.2,32.15,7.17
ORD-100302,2020-08-10,2020-08-29,CUST-7934,Mike Davis,Corporate,Australia,Americas,Furniture,Desks,Product D,10288.02,23,0.1,1771.61,1368.95
ORD-100303,2020-03-14,2020-03-19,CUST-7587,Mike Davis,Home Office,United Kingdom,Americas,Technology,Binders,Product A,12404.7,17,0.2,3667.85,1458.5
ORD-100304,2023-05-01,2023-05-13,CUST-8729,John Smith,Home Office,France,Americas,Technology,Paper,Product A,4218.14,8,0.0,870.26,519.2
ORD-100305,2020-09-06,2020-10-03,CUST-8870,Robert Wilson,Consumer,United Kingdom,Europe,Technology,Desks,Product D,5019.63,24,0.05,1036.3,534.04
ORD-100306,2019-04-22,2019-05-09,CUST-6964,Mike Davis,Consumer,Australia,Americas,Furniture,Phones,Product B,7473.83,22,0.0,1899.19,378.52
ORD-100307,2022-04-06,2022-04-13,CUST-8197,Mike Davis,Consumer,Mexico,Americas,Technology,Desks,Product A,18516.75,24,0.0,3860.63,1395.45
ORD-100308,2023-10-28,2023-11-20,CUST-7068,Sarah Johnson,Home Office,United States,Europe,Technology,Phones,Product D,8776.8,19,0.0,1311.13,1132.81
,2021-05-22,2021-06-11,CUST-6160,Sarah Johnson,Home Office,Australia,Europe,Technology,Binders,Product A,3711.96,10,0.0,686.66,486.96
ORD-100310,2019-09-29,2019-10-18,CUST-5066,John Smith,Consumer,United Kingdom,Americas,Technology,Phones,Product A,18488.91,23,0.05,6762.77,959.47
ORD-100311,2019-09-24,2019-10-01,CUST-6831,Robert Wilson,Consumer,Canada,Americas,Furniture,Copiers,Product A,1479.83,4,0.0,254.12,186.46
ORD-100312,2022-05-14,2022-06-06,CUST-8170,Sarah Johnson,Home Office,Australia,Americas,Furniture,Tables,Product B,2192.16,18,0.0,339.21,203.47
ORD-100313,2021-05-01,2021-05-10,CUST-6635,Mike Davis,Corporate,Mexico,Asia-Pacific,Technology,Chairs,Product A,10833.19,15,0.15,3765.22,892.36
ORD-100314,2022-03-13,2022-04-01,CUST-8197,John Smith,Home Office,Canada,Asia-Pacific,Office Supplies,Copiers,Product A,466.79,10,0.0,168.7,36.12
ORD-100315,2020-11-16,2020-12-14,CUST-7226,Emily Brown,Corporate,Australia,Asia-Pacific,Technology,Phones,Product C,683.4,2,0.0,69.39,39.93
ORD-100316,2022-09-12,2022-09-25,CUST-5171,John Smith,Consumer,Germany,Asia-Pacific,Furniture,Tables,Product C,1527.04,8,0.05,552.65,84.54
ORD-100317,2022-08-14,2022-09-08,CUST-6391,Robert Wilson,Corporate,Australia,Americas,Furniture,Paper,Product C,2617.92,9,0.0,884.64,375.01
ORD-100318,2022-01-23,2022-02-13,CUST-8937,Robert Wilson,Corporate,Canada,Europe,Technology,Phones,Product D,3594.26,14,0.0,736.6,263.49
ORD-100319,2021-01-22,2021-02-08,CUST-8418,Sarah Johnson,Corporate,France,Asia-Pacific,Furniture,Chairs,Product A,2023.66,12,0.0,304.03,107.92
ORD-100320,2021-08-31,2021-09-29,CUST-6958,Sarah Johnson,Consumer,United Kingdom,Americas,Office Supplies,Phones,Product B,855.75,21,0.1,304.62,54.54
ORD-100321,2020-08-15,2020-08-26,CUST-5156,Mike Davis,Consumer,Germany,Asia-Pacific,Furniture,Phones,Product A,2623.34,9,0.0,940.79,276.45
ORD-100322,2020-06-13,2020-06-24,CUST-7365,Sarah Johnson,Home Office,United States,Americas,Furniture,Copiers,Product B,4724.88,24,0.0,575.97,572.18
ORD-100323,2021-05-23,2021-06-20,CUST-8779,Mike Davis,Consumer,Canada,Europe,Furniture,Copiers,Product D,4626.38,13,0.05,1593.89,589.02
ORD-100324,2019-05-26,2019-06-09,CUST-8767,Mike Davis,Corporate,France,Europe,Technology,Phones,Product D,441.08,1,0.15,158.29,45.64
ORD-100325,2020-06-15,2020-07-13,CUST-5458,Emily Brown,Corporate,United States,Europe,Technology,Phones,Product A,10711.15,17,0.0,1665.33,601.35
ORD-100326,2023-03-03,2023-03-16,CUST-7616,Emily Brown,Corporate,United States,Asia-Pacific,Office Supplies,Desks,Product C,755.75,16,0.05,146.91,101.6
,2022-02-11,2022-02-16,CUST-5585,Mike Davis,Consumer,France,Americas,Furniture,Chairs,Product A,159.03,1,0.2,56.91,21.53
ORD-100328,2023-09-19,2023-10-16,CUST-6861,John Smith,Consumer,Australia,Asia-Pacific,Technology,Binders,Product A,1029.31,2,0.0,271.09,122.62
ORD-100329,2020-03-13,2020-04-01,CUST-5566,Mike Davis,Corporate,France,Asia-Pacific,Furniture,Chairs,Product A,3138.92,18,0.0,1209.26,238.85
ORD-100330,2022-02-27,2022-03-26,CUST-8385,Sarah Johnson,Consumer,Australia,Europe,Office Supplies,Tables,Product C,609.89,23,0.0,201.5,69.12
ORD-100331,2020-09-08,2020-09-13,CUST-6842,Emily Brown,Corporate,United Kingdom,Europe,Furniture,Chairs,Product D,2858.99,7,0.05,876.69,212.09
ORD-100332,2023-03-31,2023-04-21,CUST-7584,Robert Wilson,Home Office,Canada,Europe,Office Supplies,Tables,Product A,56.56,2,0.0,12.66,5.16
ORD-100333,2022-04-04,2022-04-17,CUST-5167,Sarah Johnson,Corporate,United States,Americas,Furniture,Tables,Product A,2089.34,24,0.15,512.22,168.75
ORD-100334,2020-10-22,2020-11-13,CUST-6427,Mike Davis,Consumer,Canada,Americas,Technology,Binders,Product A,5660.72,17,0.0,2122.47,493.66
ORD-100335,2022-05-13,2022-06-01,CUST-7857,Mike Davis,Home Office,United Kingdom,Americas,Technology,Chairs,Product D,20437.76,23,0.05,4642.05,2987.08
ORD-100336,2020-08-10,2020-08-31,CUST-6152,John Smith,Home Office,Mexico,Americas,Technology,Chairs,Product B,20464.32,23,0.1,6904.36,1717.41
ORD-100337,2022-02-15,2022-03-07,CUST-8010,Emily Brown,Consumer,Australia,Europe,Office Supplies,Binders,Product A,556.43,16,0.0,92.22,61.01
ORD-100338,2020-04-03,2020-04-09,,Robert Wilson,Corporate,United States,Europe,Office Supplies,Copiers,Product A,393.88,12,0.0,119.82,39.82
ORD-100339,2022-07-01,2022-07-21,CUST-5277,Sarah Johnson,Home Office,France,Asia-Pacific,Office Supplies,Binders,Product D,866.1,23,0.05,340.05,72.89
ORD-100340,2019-05-03,2019-05-29,CUST-7628,Robert Wilson,Consumer,Mexico,Asia-Pacific,Office Supplies,Paper,Product A,229.04,16,0.0,81.4,19.61
ORD-100341,2022-07-18,2022-07-25,CUST-6829,Emily Brown,Corporate,United States,Europe,Furniture,Copiers,Product B,8670.52,21,0.05,2699.14,1074.05
ORD-100342,2020-06-29,2020-07-12,CUST-7244,Mike Davis,Corporate,United States,Americas,Office Supplies,Desks,Product D,86.88,3,0.0,23.4,5.79
ORD-100343,2022-01-09,2022-01-23,CUST-6031,Emily Brown,Corporate,Germany,Asia-Pacific,Office Supplies,Paper,Product B,335.56,11,0.05,82.86,28.0
ORD-100344,2020-04-04,2020-04-22,CUST-5085,Emily Brown,Corporate,Germany,Europe,Office Supplies,Desks,Product C,170.88,21,0.0,62.89,13.46
ORD-100345,2023-01-09,2023-01-19,CUST-7779,John Smith,Home Office,Canada,Europe,Furniture,Binders,Product D,8858.46,24,0.0,1782.15,692.16
ORD-100346,2022-08-14,2022-08-28,,John Smith,Consumer,United Kingdom,Europe,Office Supplies,Paper,Product B,103.64,10,0.0,11.5,
ORD-100347,2020-06-13,2020-07-02,CUST-5138,Sarah Johnson,Consumer,Canada,Asia-Pacific,Furniture,Desks,Product B,6238.89,19,0.0,1246.08,378.47
ORD-100348,2022-04-02,2022-04-07,CUST-6553,John Smith,Consumer,United States,Europe,Technology,Paper,Product B,7798.24,19,0.05,1251.14,522.29
ORD-100349,2022-12-08,2023-01-03,CUST-6281,Robert Wilson,Home Office,Germany,Asia-Pacific,Furniture,Copiers,Product B,2447.18,8,0.0,317.82,
ORD-100350,2021-09-12,2021-10-10,CUST-6063,Emily Brown,Corporate,United Kingdom,Americas,Technology,Tables,Product C,9166.57,15,0.15,3389.56,578.67
ORD-100351,2022-03-12,2022-04-01,CUST-8215,Robert Wilson,Corporate,United States,Asia-Pacific,Furniture,Copiers,Product D,1323.92,12,0.05,261.94,85.78
ORD-100352,2020-09-07,2020-09-27,CUST-5196,Sarah Johnson,Consumer,Canada,Americas,Technology,Phones,Product B,10239.89,12,0.0,3743.41,1063.27
ORD-100353,2020-09-06,2020-09-20,CUST-7446,Robert Wilson,Corporate,France,Asia-Pacific,Furniture,Paper,Product C,3514.01,10,0.0,578.22,500.28
ORD-100354,2019-07-01,2019-07-24,CUST-6533,John Smith,Corporate,United Kingdom,Asia-Pacific,Office Supplies,Copiers,Product B,364.44,18,0.0,80.74,41.14
ORD-100355,2019-04-15,2019-05-03,CUST-7906,Mike Davis,Consumer,Australia,Americas,Furniture,Phones,Product B,3271.79,18,0.05,384.56,318.77
ORD-100356,2023-11-17,2023-11-28,,Mike Davis,Consumer,France,Europe,Office Supplies,Tables,Product B,840.64,23,0.0,187.65,42.65
ORD-100357,2023-10-18,2023-11-08,CUST-6659,John Smith,Consumer,Australia,Americas,Office Supplies,Binders,Product C,708.74,15,0.0,133.59,89.08
ORD-100358,2023-02-01,2023-03-01,CUST-8473,Emily Brown,Home Office,Canada,Asia-Pacific,Technology,Binders,Product D,5361.14,22,0.0,2099.17,424.0
ORD-100359,2021-03-30,2021-04-22,CUST-6467,Mike Davis,Home Office,United States,Americas,Furniture,Paper,Product D,1712.87,4,0.0,174.96,142.04
ORD-100360,2022-05-01,2022-05-22,CUST-8377,John Smith,Corporate,Germany,Europe,Technology,Paper,Product B,4990.58,21,0.0,528.18,456.34
ORD-100361,2021-10-12,2021-10-17,CUST-5982,Emily Brown,Consumer,Mexico,Americas,Office Supplies,Binders,Product B,90.06,4,0.0,32.98,7.53
ORD-100362,2020-11-24,2020-12-23,CUST-5236,Robert Wilson,Consumer,Canada,Asia-Pacific,Furniture,Copiers,Product D,2061.4,6,0.2,644.6,272.23
ORD-100363,2022-12-30,2023-01-15,CUST-5702,Sarah Johnson,Corporate,Germany,Asia-Pacific,Furniture,Desks,Product C,2994.58,16,0.2,812.3,151.58
ORD-100364,2021-02-26,2021-03-11,CUST-8992,Robert Wilson,Home Office,Australia,Europe,Furniture,Phones,Product D,703.98,4,0.05,253.54,51.86
ORD-100365,2019-07-15,2019-08-12,CUST-8406,Emily Brown,Consumer,United Kingdom,Asia-Pacific,Furniture,Chairs,Product C,6978.32,24,0.05,2770.99,607.79
ORD-100366,2021-07-08,2021-07-15,CUST-6903,Mike Davis,Home Office,Mexico,Americas,Office Supplies,Binders,Product B,153.19,12,0.05,49.81,9.86
ORD-100367,2020-11-09,2020-11-30,CUST-7436,Emily Brown,Corporate,United Kingdom,Europe,Furniture,Phones,Product D,273.96,2,0.0,65.03,37.45
ORD-100368,2019-06-16,2019-07-10,,Sarah Johnson,Corporate,Mexico,Europe,Furniture,Paper,Product D,3251.87,22,0.0,549.88,429.82
ORD-100369,2019-06-27,2019-07-11,CUST-8745,Sarah Johnson,Home Office,Canada,Europe,Office Supplies,Phones,Product A,338.46,10,0.0,113.69,17.01
ORD-100370,2019-11-10,2019-12-03,CUST-5656,Robert Wilson,Corporate,United Kingdom,Asia-Pacific,Office Supplies,Desks,Product D,299.66,14,0.1,57.8,35.27
ORD-100371,2022-03-07,2022-03-18,CUST-5687,Mike Davis,Corporate,Mexico,Americas,Furniture,Copiers,Product D,3036.54,10,0.0,430.57,416.49
ORD-100372,2020-09-11,2020-10-10,CUST-7521,Mike Davis,Corporate,France,Americas,Furniture,Copiers,Product C,1283.26,6,0.05,151.77,65.42
ORD-100373,2019-08-15,2019-08-31,,Robert Wilson,Home Office,Australia,Americas,Furniture,Desks,Product C,2948.34,9,0.0,764.93,264.4
ORD-100374,2021-04-18,2021-05-13,CUST-8992,Emily Brown,Corporate,United Kingdom,Europe,Office Supplies,Copiers,Product C,46.44,3,0.0,11.5,3.17
ORD-100375,2023-08-08,2023-08-25,CUST-8861,Sarah Johnson,Corporate,Germany,Asia-Pacific,Technology,Copiers,Product A,10664.21,14,0.1,3522.7,1219.89
ORD-100376,2021-09-25,2021-10-17,CUST-8739,Sarah Johnson,Corporate,Germany,Americas,Office Supplies,Phones,Product A,561.34,19,0.0,78.6,72.69
ORD-100377,2020-11-11,2020-12-01,CUST-7597,Robert Wilson,Consumer,Australia,Americas,Technology,Copiers,Product D,4415.32,7,0.1,541.25,242.54
ORD-100378,2021-01-07,2021-02-01,CUST-6893,Sarah Johnson,Corporate,Australia,Asia-Pacific,Technology,Tables,Product C,6383.27,9,0.2,965.03,615.35
ORD-100379,2021-09-19,2021-10-14,CUST-8557,Emily Brown,Home Office,France,Europe,Technology,Tables,Product C,1714.94,2,0.0,504.01,107.76
ORD-100380,2021-12-10,2021-12-16,CUST-7885,John Smith,Corporate,United Kingdom,Americas,Office Supplies,Tables,Product B,242.1,10,0.0,58.28,27.63
,2022-11-13,2022-12-01,CUST-5524,Mike Davis,Consumer,Germany,Americas,Office Supplies,Paper,Product B,45.42,6,0.0,9.22,2.74
ORD-100382,2020-03-13,2020-03-23,CUST-6471,Emily Brown,Corporate,France,Asia-Pacific,Office Supplies,Desks,Product B,240.14,6,0.1,41.53,16.63
ORD-100383,2019-01-31,2019-02-22,,Emily Brown,Consumer,United States,Asia-Pacific,Furniture,Phones,Product C,1746.36,10,0.0,273.25,97.27
ORD-100384,2019-01-14,2019-02-08,CUST-7920,Mike Davis,Consumer,United States,Americas,Furniture,Desks,Product B,5304.88,24,0.2,944.91,644.87
ORD-100385,2021-04-13,2021-05-12,CUST-8670,Sarah Johnson,Consumer,Mexico,Americas,Furniture,Binders,Product B,3794.05,23,0.05,499.66,409.29
ORD-100386,2021-03-15,2021-04-08,,Robert Wilson,Consumer,United States,Americas,Technology,Chairs,Product D,963.15,1,0.0,156.97,122.76
ORD-100387,2020-05-25,2020-06-08,CUST-6098,Sarah Johnson,Home Office,United States,Asia-Pacific,Technology,Desks,Product C,12325.98,22,0.15,2529.7,1224.47
ORD-100388,2019-10-24,2019-11-07,CUST-7545,Robert Wilson,Home Office,Australia,Asia-Pacific,Office Supplies,Binders,Product D,100.89,7,0.15,37.2,11.67
ORD-100389,2021-11-17,2021-12-04,CUST-7228,Emily Brown,Home Office,France,Europe,Furniture,Binders,Product D,567.46,4,0.0,128.75,36.4
ORD-100390,2019-10-19,2019-11-12,CUST-5670,Mike Davis,Corporate,Canada,Americas,Furniture,Chairs,Product C,6675.29,18,0.0,2034.64,511.4
ORD-100391,2020-07-14,2020-07-23,CUST-5139,Robert Wilson,Corporate,France,Asia-Pacific,Office Supplies,Copiers,Product B,26.93,1,0.25,4.66,1.63
ORD-100392,2023-11-18,2023-12-04,CUST-6052,Robert Wilson,Consumer,United States,Europe,Technology,Desks,Product B,9523.98,10,0.0,3674.83,1070.6
ORD-100393,2021-07-09,2021-07-28,CUST-6452,Sarah Johnson,Corporate,Germany,Asia-Pacific,Office Supplies,Desks,Product B,43.98,4,0.05,15.26,5.07
ORD-100394,2019-09-12,2019-10-06,CUST-7696,Sarah Johnson,Consumer,United States,Europe,Office Supplies,Chairs,Product B,452.77,13,0.0,176.42,45.41
ORD-100395,2020-08-01,2020-08-23,CUST-6468,John Smith,Home Office,Canada,Americas,Furniture,Binders,Product D,4432.98,9,0.0,1280.71,295.48
ORD-100396,2019-01-31,2019-02-16,CUST-5885,Mike Davis,Corporate,Canada,Americas,Technology,Paper,Product C,3507.65,14,0.0,993.87,301.94
ORD-100397,2019-01-26,2019-02-24,,Robert Wilson,Consumer,France,Asia-Pacific,Office Supplies,Tables,Product B,339.47,17,0.15,95.49,31.14
ORD-100398,2023-07-08,,CUST-5922,Sarah Johnson,Consumer,United Kingdom,Europe,Technology,Tables,Product B,6577.42,8,0.15,1037.28,765.83
ORD-100399,2022-01-11,2022-02-02,CUST-8012,John Smith,Consumer,Australia,Americas,Office Supplies,Desks,Product A,37.95,1,0.0,6.45,4.13
ORD-100400,2020-06-17,2020-07-06,CUST-6392,Sarah Johnson,Consumer,Mexico,Asia-Pacific,Furniture,Phones,Product B,181.7,1,0.0,52.34,27.18
ORD-100401,2022-05-24,2022-06-15,CUST-6686,Sarah Johnson,Consumer,United Kingdom,Europe,Technology,Chairs,Product A,6743.13,17,0.0,2524.98,979.28
ORD-100402,2020-12-25,2021-01-07,CUST-7885,John Smith,Consumer,Australia,Asia-Pacific,Office Supplies,Tables,Product C,209.56,9,0.0,79.21,19.26
ORD-100403,2022-05-18,2022-05-29,CUST-8170,Emily Brown,Consumer,Mexico,Asia-Pacific,Furniture,Tables,Product C,1329.72,4,0.1,378.11,76.94
ORD-100404,2022-04-12,2022-04-19,CUST-8303,Sarah Johnson,Home Office,United Kingdom,Asia-Pacific,Office Supplies,Paper,Product C,182.54,10,0.15,23.93,14.59
ORD-100405,2020-05-20,2020-06-07,CUST-5355,Emily Brown,Consumer,Germany,Asia-Pacific,Furniture,Paper,Product A,5444.78,22,0.0,1801.78,490.22
ORD-100406,2020-09-30,2020-10-12,CUST-8998,John Smith,Home Office,United Kingdom,Asia-Pacific,Office Supplies,Copiers,Product B,352.69,12,0.0,137.71,50.82
ORD-100407,2022-04-12,2022-04-21,CUST-8388,Emily Brown,Home Office,Mexico,Asia-Pacific,Technology,Desks,Product A,401.85,2,0.05,46.15,33.82
ORD-100408,2022-11-10,2022-12-09,CUST-8861,Robert Wilson,Corporate,United States,Americas,Office Supplies,Chairs,Product C,36.36,3,0.05,13.15,2.39
ORD-100409,2021-08-07,2021-08-14,CUST-8039,Emily Brown,Home Office,Germany,Europe,Furniture,Chairs,Product D,318.77,1,0.0,84.11,29.26
ORD-100410,2023-03-02,2023-03-29,CUST-5452,Emily Brown,Consumer,United Kingdom,Asia-Pacific,Office Supplies,Copiers,Product D,159.86,18,0.05,29.14,20.19
ORD-100411,2022-06-04,2022-06-26,CUST-8430,Robert Wilson,Home Office,Germany,Europe,Furniture,Desks,Product C,6387.75,15,0.0,2432.77,926.4
ORD-100412,2020-03-21,2020-04-08,CUST-5343,Robert Wilson,Home Office,Canada,Americas,Furniture,Tables,Product C,312.34,1,0.2,117.23,34.5
ORD-100413,2022-11-24,2022-12-15,CUST-6672,Emily Brown,Home Office,Canada,Europe,Technology,Paper,Product A,8854.67,12,0.0,1758.79,606.05
ORD-100414,2021-07-22,2021-07-29,CUST-8614,Mike Davis,Home Office,United States,Asia-Pacific,Office Supplies,Copiers,Product A,37.01,1,0.2,10.18,4.88
ORD-100415,2020-09-09,2020-09-30,,Sarah Johnson,Corporate,Germany,Asia-Pacific,Office Supplies,Phones,Product C,406.9,22,0.05,44.92,57.56
ORD-100416,2021-07-14,2021-08-08,CUST-6945,Emily Brown,Home Office,Australia,Asia-Pacific,Technology,Desks,Product D,9299.05,17,0.1,1767.01,729.67
ORD-100417,2019-09-28,2019-10-22,CUST-5904,Mike Davis,Corporate,France,Asia-Pacific,Office Supplies,Tables,Product C,404.22,19,0.0,53.57,51.87
ORD-100418,2021-05-25,2021-06-10,CUST-5817,Robert Wilson,Consumer,Australia,Europe,Technology,Paper,Product D,5423.44,24,0.0,1751.8,344.96
ORD-100419,2021-04-25,2021-05-07,,Emily Brown,Consumer,Mexico,Asia-Pacific,Furniture,Binders,Product D,1049.98,5,0.05,249.89,91.28
ORD-100420,2022-06-14,2022-06-20,CUST-7903,Robert Wilson,Home Office,Australia,Americas,Office Supplies,Phones,Product B,169.26,17,0.0,36.7,8.73
ORD-100421,2023-08-31,2023-09-19,CUST-8541,Sarah Johnson,Home Office,France,Europe,Technology,Tables,Product D,20970.12,24,0.0,3413.76,
ORD-100422,2020-08-27,2020-09-10,CUST-7110,Sarah Johnson,Corporate,France,Europe,Technology,Chairs,Product A,20770.85,24,0.05,6392.31,2973.68
ORD-100423,2021-01-07,,CUST-7414,Sarah Johnson,Home Office,France,Asia-Pacific,Technology,Desks,Product D,13506.12,14,0.0,1635.88,1354.91
ORD-100424,2023-06-07,2023-06-27,CUST-6907,Emily Brown,Home Office,Australia,Asia-Pacific,Technology,Chairs,Product C,5393.44,23,0.15,1419.76,677.92
ORD-100425,2021-11-28,2021-12-25,CUST-5104,Sarah Johnson,Home Office,Canada,Asia-Pacific,Technology,Tables,Product D,2782.66,4,0.0,832.15,199.09
ORD-100426,2021-02-08,2021-02-24,CUST-8829,Emily Brown,Corporate,Mexico,Asia-Pacific,Office Supplies,Chairs,Product C,321.91,8,0.15,96.98,30.67
ORD-100427,2021-10-26,2021-11-11,CUST-8490,Sarah Johnson,Consumer,Mexico,Asia-Pacific,Technology,Copiers,Product C,347.71,1,0.05,94.11,32.41
ORD-100428,2020-03-12,2020-04-07,CUST-5420,Mike Davis,Consumer,Mexico,Europe,Office Supplies,Binders,Product D,474.75,23,0.05,50.0,24.77
ORD-100429,2023-04-19,2023-05-08,,Mike Davis,Consumer,United States,Asia-Pacific,Technology,Chairs,Product A,5526.84,14,0.05,1012.83,676.23
ORD-100430,2019-03-06,2019-03-30,CUST-8622,Robert Wilson,Home Office,France,Europe,Furniture,Desks,Product B,1897.05,9,0.2,455.3,
ORD-100431,2021-09-25,2021-10-23,CUST-6760,Sarah Johnson,Corporate,United Kingdom,Americas,Furniture,Paper,Product D,4297.14,12,0.0,1268.91,394.35
ORD-100432,2021-10-15,2021-10-26,CUST-7177,Robert Wilson,Home Office,Australia,Asia-Pacific,Technology,Copiers,Product A,5580.0,10,0.0,2156.71,452.65
ORD-100433,2020-09-17,2020-10-06,CUST-6913,Mike Davis,Home Office,United States,Europe,Technology,Phones,Product A,4037.34,12,0.05,1138.19,414.14
ORD-100434,2023-08-04,2023-08-19,CUST-6312,John Smith,Home Office,Mexico,Asia-Pacific,Furniture,Desks,Product D,2017.23,7,0.05,801.95,268.93
ORD-100435,2022-06-15,2022-07-05,,Emily Brown,Corporate,Germany,Americas,Technology,Binders,Product D,3791.49,18,0.15,1389.88,308.85
ORD-100436,2020-05-17,2020-06-07,CUST-5181,John Smith,Consumer,Australia,Europe,Technology,Phones,Product A,14917.33,16,0.0,4901.54,2220.25
ORD-100437,2019-07-29,2019-08-18,CUST-8509,Mike Davis,Corporate,Canada,Europe,Furniture,Binders,Product C,3259.57,11,0.0,399.82,380.02
ORD-100438,2022-09-19,2022-09-30,CUST-8718,John Smith,Corporate,Canada,Asia-Pacific,Furniture,Paper,Product C,2759.69,22,0.0,732.72,413.08
ORD-100439,2021-10-15,2021-10-25,CUST-6695,Sarah Johnson,Consumer,United Kingdom,Europe,Office Supplies,Tables,Product B,365.89,17,0.2,113.68,31.34
ORD-100440,2021-04-17,,CUST-6223,Sarah Johnson,Home Office,Canada,Americas,Office Supplies,Binders,Product D,489.06,17,0.0,67.52,48.05
ORD-100441,2020-11-13,2020-11-24,CUST-7652,John Smith,Consumer,United Kingdom,Americas,Furniture,Copiers,Product B,1855.2,10,0.05,401.84,258.12
ORD-100442,2023-12-21,2024-01-05,CUST-7956,Sarah Johnson,Home Office,Australia,Americas,Furniture,Copiers,Product C,4124.64,13,0.15,477.22,554.97
ORD-100443,2022-08-29,2022-09-13,CUST-8368,Mike Davis,Home Office,United Kingdom,Asia-Pacific,Office Supplies,Phones,Product A,56.68,2,0.2,21.1,7.0
ORD-100444,2023-04-11,2023-04-22,CUST-6176,John Smith,Home Office,Mexico,Europe,Furniture,Copiers,Product A,2655.18,11,0.15,749.01,346.49
ORD-100445,2020-09-18,2020-09-28,,Emily Brown,Corporate,United Kingdom,Asia-Pacific,Office Supplies,Paper,Product B,26.77,1,0.0,5.04,1.41
ORD-100446,2021-03-31,2021-04-21,CUST-7208,Emily Brown,Consumer,United States,Europe,Office Supplies,Chairs,Product A,296.0,23,0.05,102.31,34.22
ORD-100447,2021-12-05,2021-12-25,CUST-7458,John Smith,Consumer,United Kingdom,Asia-Pacific,Office Supplies,Phones,Product D,581.86,19,0.2,73.31,52.97
ORD-100448,2021-01-20,2021-02-12,CUST-8768,John Smith,Consumer,France,Asia-Pacific,Technology,Desks,Product B,3036.87,16,0.15,1004.39,287.4
ORD-100449,2022-09-15,2022-09-30,CUST-7917,Robert Wilson,Home Office,Australia,Asia-Pacific,Office Supplies,Phones,Product B,458.6,13,0.0,118.84,50.0
ORD-100450,2021-01-08,2021-01-22,CUST-5183,John Smith,Corporate,United Kingdom,Europe,Furniture,Copiers,Product C,2859.15,12,0.0,923.47,376.78
ORD-100451,2022-06-30,2022-07-13,CUST-8057,Sarah Johnson,Corporate,France,Asia-Pacific,Office Supplies,Desks,Product D,103.7,3,0.05,13.19,7.91
ORD-100452,2023-06-29,2023-07-27,CUST-5087,Emily Brown,Corporate,Mexico,Europe,Office Supplies,Copiers,Product D,77.52,7,0.0,14.64,7.3
ORD-100453,2021-02-28,2021-03-24,CUST-5705,John Smith,Consumer,France,Europe,Office Supplies,Chairs,Product C,42.08,1,0.05,4.73,4.51
ORD-100454,2021-08-04,2021-08-11,CUST-8933,Sarah Johnson,Consumer,Germany,Americas,Technology,Desks,Product C,10590.09,22,0.0,2785.67,
ORD-100455,2020-01-20,2020-02-17,CUST-7403,Emily Brown,Corporate,Canada,Europe,Furniture,Paper,Product D,6768.7,17,0.0,1446.38,649.35
ORD-100456,2021-06-23,2021-07-06,CUST-7037,Robert Wilson,Corporate,United Kingdom,Europe,Office Supplies,Paper,Product A,131.21,11,0.0,40.89,12.71
ORD-100457,2019-07-11,2019-08-06,CUST-6425,Robert Wilson,Consumer,Germany,Americas,Office Supplies,Tables,Product D,46.23,2,0.1,7.72,3.9
ORD-100458,2020-12-06,2020-12-26,CUST-7965,John Smith,Corporate,Mexico,Americas,Furniture,Copiers,Product C,741.65,3,0.15,295.45,42.58
ORD-100459,2020-07-21,2020-08-17,CUST-6465,Emily Brown,Home Office,United States,Europe,Furniture,Binders,Product A,5592.91,23,0.15,665.31,616.24
ORD-100460,2023-03-24,2023-04-01,CUST-7235,Robert Wilson,Corporate,France,Asia-Pacific,Furniture,Binders,Product B,848.07,8,0.0,164.37,54.13
ORD-100461,2022-09-28,2022-10-11,CUST-5618,John Smith,Corporate,United States,Europe,Office Supplies,Chairs,Product B,117.54,7,0.1,25.81,11.37
ORD-100462,2021-06-27,,CUST-5968,Sarah Johnson,Corporate,Mexico,Americas,Technology,Paper,Product A,8738.03,17,0.05,1748.58,1113.22
ORD-100463,2022-03-01,2022-03-09,CUST-7959,Emily Brown,Corporate,United States,Asia-Pacific,Office Supplies,Chairs,Product A,332.16,9,0.1,126.1,41.44
ORD-100464,2020-08-06,2020-08-26,CUST-8896,Sarah Johnson,Consumer,Australia,Americas,Office Supplies,Desks,Product B,465.99,12,0.15,68.48,52.15
ORD-100465,2022-03-23,2022-04-05,,Robert Wilson,Home Office,Australia,Europe,Office Supplies,Tables,Product D,734.98,23,0.0,89.31,105.21
ORD-100466,2022-12-08,2023-01-06,CUST-5680,Robert Wilson,Home Office,Canada,Europe,Technology,Copiers,Product A,6620.06,19,0.1,1060.47,539.5
ORD-100467,2020-02-20,2020-03-17,CUST-5842,Emily Brown,Home Office,United States,Europe,Office Supplies,Paper,Product A,237.57,6,0.0,42.69,16.77
ORD-100468,2020-04-08,2020-04-15,CUST-8352,Robert Wilson,Home Office,Germany,Americas,Office Supplies,Tables,Product D,127.71,3,0.0,41.73,7.81
ORD-100469,2023-10-22,2023-11-03,CUST-8758,Mike Davis,Home Office,Mexico,Asia-Pacific,Technology,Binders,Product D,18513.69,22,0.0,6580.63,1695.98
ORD-100470,2021-10-24,2021-11-09,CUST-5105,Robert Wilson,Home Office,France,Asia-Pacific,Office Supplies,Copiers,Product D,794.38,21,0.15,210.37,70.08
,2021-04-05,2021-04-28,CUST-7199,Robert Wilson,Consumer,Germany,Americas,Technology,Phones,Product C,16920.78,21,0.0,3243.62,1755.84
ORD-100472,2022-08-19,2022-09-08,CUST-8403,Sarah Johnson,Consumer,Mexico,Asia-Pacific,Office Supplies,Copiers,Product D,345.34,12,0.15,77.39,30.22
ORD-100473,2023-03-14,2023-04-10,CUST-7782,John Smith,Corporate,United States,Americas,Office Supplies,Binders,Product B,209.28,15,0.0,58.7,
ORD-100474,2022-01-16,2022-02-14,CUST-8388,John Smith,Corporate,France,Americas,Technology,Phones,Product C,3684.49,8,0.0,890.81,199.07
ORD-100475,2022-01-30,2022-02-25,CUST-7104,Robert Wilson,Corporate,Australia,Americas,Office Supplies,Copiers,Product C,314.46,18,0.15,90.08,
ORD-100476,2019-04-21,2019-04-30,CUST-8903,Emily Brown,Corporate,United Kingdom,Americas,Technology,Chairs,Product B,1000.23,3,0.0,282.06,52.12
ORD-100477,2023-06-24,2023-06-29,CUST-5147,John Smith,Home Office,Mexico,Americas,Office Supplies,Paper,Product D,335.92,13,0.05,37.63,29.68
ORD-100478,2023-08-03,2023-08-25,CUST-6232,John Smith,Consumer,Australia,Americas,Office Supplies,Tables,Product D,333.12,12,0.0,35.11,19.27
ORD-100479,2021-04-16,2021-04-25,CUST-6195,Robert Wilson,Home Office,Mexico,Asia-Pacific,Furniture,Copiers,Product C,1331.09,9,0.0,453.63,186.3
ORD-100480,2022-11-23,2022-12-16,CUST-7784,John Smith,Corporate,Mexico,Europe,Office Supplies,Desks,Product A,16.81,3,0.0,1.78,1.21
ORD-100481,2022-01-31,2022-02-27,CUST-8088,Emily Brown,Consumer,United Kingdom,Europe,Technology,Desks,Product C,13740.71,19,0.0,3924.01,804.92
ORD-100482,2022-06-06,2022-06-28,CUST-8567,Robert Wilson,Corporate,Australia,Americas,Technology,Copiers,Product D,2166.72,6,0.0,840.05,165.03
ORD-100483,2022-03-27,2022-04-05,CUST-8239,Emily Brown,Home Office,Canada,Asia-Pacific,Technology,Phones,Product D,12452.12,15,0.0,2407.13,636.05
ORD-100484,2022-12-29,2023-01-03,CUST-6800,John Smith,Consumer,United States,Europe,Office Supplies,Paper,Product B,255.17,18,0.2,60.8,16.9
ORD-100485,2019-05-11,2019-05-18,CUST-8028,Sarah Johnson,Consumer,Australia,Europe,Furniture,Copiers,Product B,1300.97,3,0.05,327.45,
ORD-100486,2020-10-20,2020-11-04,CUST-6613,Emily Brown,Home Office,France,Americas,Office Supplies,Desks,Product D,38.73,5,0.05,13.92,3.64
ORD-100487,2022-06-30,2022-07-17,CUST-5122,Robert Wilson,Home Office,Mexico,Americas,Technology,Binders,Product B,18420.7,19,0.0,5448.49,1653.76
ORD-100488,2022-12-03,2022-12-10,CUST-7724,Mike Davis,Corporate,United States,Americas,Technology,Copiers,Product D,15837.56,17,0.0,2120.9,1991.65
ORD-100489,2020-07-03,2020-07-25,CUST-6505,John Smith,Home Office,Canada,Asia-Pacific,Technology,Copiers,Product D,9320.67,10,0.0,1752.33,874.85
ORD-100490,2022-02-06,2022-02-18,CUST-8931,Robert Wilson,Corporate,United States,Asia-Pacific,Office Supplies,Chairs,Product B,105.08,11,0.0,10.86,15.48
ORD-100491,2023-12-01,2023-12-22,CUST-6559,Emily Brown,Corporate,Mexico,Americas,Office Supplies,Desks,Product D,206.32,7,0.0,41.59,22.97
ORD-100492,2023-08-18,2023-08-27,CUST-8747,Sarah Johnson,Corporate,Mexico,Asia-Pacific,Office Supplies,Paper,Product A,623.38,15,0.0,221.93,47.71
ORD-100493,2022-07-12,2022-07-27,CUST-5803,Sarah Johnson,Corporate,United States,Europe,Technology,Copiers,Product B,5068.28,6,0.0,627.33,449.17
ORD-100494,2020-07-13,2020-07-27,CUST-8229,John Smith,Consumer,France,Americas,Office Supplies,Chairs,Product D,377.57,13,0.1,102.36,
ORD-100495,2022-09-13,2022-10-04,CUST-6025,John Smith,Consumer,United Kingdom,Americas,Technology,Chairs,Product D,6837.7,24,0.0,1694.62,1010.79
ORD-100496,2022-10-21,2022-10-29,,Robert Wilson,Consumer,United States,Europe,Furniture,Phones,Product D,832.22,3,0.05,183.69,78.38
ORD-100497,2023-06-18,2023-06-24,CUST-5236,Mike Davis,Consumer,France,Americas,Furniture,Paper,Product A,2662.73,15,0.0,437.67,183.5
ORD-100498,2020-07-11,2020-08-05,CUST-6896,Robert Wilson,Home Office,United Kingdom,Asia-Pacific,Office Supplies,Tables,Product D,551.24,20,0.05,211.24,65.81
ORD-100499,2019-04-25,2019-05-04,CUST-6345,John Smith,Consumer,Mexico,Americas,Office Supplies,Phones,Product A,49.11,4,0.05,15.47,3.61
ORD-100500,2023-07-31,2023-08-17,CUST-5904,Mike Davis,Consumer,Mexico,Europe,Technology,Paper,Product B,2656.17,10,0.05,747.05,153.71
ORD-100501,2020-09-07,2020-10-03,CUST-5687,Emily Brown,Consumer,Australia,Europe,Office Supplies,Paper,Product C,303.18,18,0.05,111.71,
ORD-100502,2020-04-08,2020-05-01,CUST-5825,John Smith,Home Office,Canada,Europe,Furniture,Chairs,Product C,1388.64,11,0.0,426.57,125.61
ORD-100503,2022-01-18,2022-01-26,CUST-8139,Sarah Johnson,Consumer,United Kingdom,Americas,Technology,Binders,Product A,15756.89,21,0.0,5659.66,1091.93
ORD-100504,2023-07-10,2023-08-02,CUST-8876,Mike Davis,Home Office,United States,Asia-Pacific,Furniture,Paper,Product A,3479.98,10,0.05,646.81,241.32
ORD-100505,2022-12-11,2022-12-19,CUST-6758,Robert Wilson,Consumer,Canada,Europe,Furniture,Desks,Product A,1605.78,4,0.0,620.94,215.55
ORD-100506,2022-02-19,2022-02-26,,Emily Brown,Home Office,United States,Americas,Office Supplies,Chairs,Product A,739.02,15,0.0,286.9,110.58
ORD-100507,2021-09-24,2021-10-15,CUST-5471,Sarah Johnson,Home Office,France,Asia-Pacific,Technology,Chairs,Product C,468.93,1,0.0,90.29,
ORD-100508,2020-08-11,2020-08-18,CUST-8991,Robert Wilson,Corporate,United Kingdom,Europe,Technology,Paper,Product C,10149.99,17,0.0,2244.1,934.71
ORD-100509,2019-10-13,2019-11-04,CUST-7819,Sarah Johnson,Home Office,United States,Americas,Furniture,Chairs,Product A,6247.52,17,0.0,1642.25,390.53
ORD-100510,2019-07-19,2019-08-12,CUST-5527,Sarah Johnson,Consumer,Australia,Asia-Pacific,Furniture,Phones,Product A,5407.02,23,0.0,1431.67,694.22
ORD-100511,2020-01-22,2020-01-28,CUST-7515,Sarah Johnson,Corporate,United States,Americas,Furniture,Paper,Product A,267.72,2,0.0,36.35,26.78
ORD-100512,2023-12-22,2024-01-20,CUST-6177,Emily Brown,Corporate,Mexico,Europe,Furniture,Chairs,Product C,2500.98,20,0.25,285.13,188.22
ORD-100513,2020-02-25,2020-03-13,CUST-7391,John Smith,Consumer,Mexico,Americas,Furniture,Phones,Product D,1696.97,4,0.0,544.14,104.09
ORD-100514,2019-12-08,2019-12-14,CUST-8336,John Smith,Corporate,United States,Europe,Technology,Chairs,Product C,5358.07,16,0.0,1469.39,759.05
ORD-100515,2019-09-30,2019-10-16,CUST-5386,Sarah Johnson,Consumer,Canada,Americas,Furniture,Chairs,Product B,176.81,1,0.0,62.24,24.66
ORD-100516,2022-09-10,2022-10-07,CUST-8439,John Smith,Corporate,Canada,Americas,Technology,Phones,Product B,741.63,1,0.15,262.75,102.41
ORD-100517,2021-03-30,2021-04-19,CUST-5945,Robert Wilson,Consumer,Mexico,Americas,Furniture,Copiers,Product C,3606.11,13,0.15,530.71,365.46
,2023-06-24,2023-07-11,CUST-6633,Robert Wilson,Corporate,France,Asia-Pacific,Furniture,Paper,Product B,558.31,5,0.05,110.54,31.06
ORD-100519,2021-02-06,2021-02-27,CUST-8444,Robert Wilson,Corporate,United Kingdom,Americas,Technology,Copiers,Product A,7038.4,9,0.05,746.18,752.6
ORD-100520,2019-02-10,2019-02-21,CUST-7094,Mike Davis,Home Office,Germany,Americas,Technology,Desks,Product D,12528.61,17,0.0,1371.05,1673.55
ORD-100521,2022-12-14,2022-12-28,CUST-5426,John Smith,Consumer,Germany,Americas,Technology,Binders,Product B,12266.86,13,0.0,1861.3,1294.8
ORD-100522,2023-01-12,2023-01-26,CUST-6613,Mike Davis,Home Office,Mexico,Asia-Pacific,Furniture,Copiers,Product B,602.95,4,0.0,143.85,84.27
ORD-100523,2019-04-14,2019-04-22,CUST-8350,Mike Davis,Home Office,Australia,Europe,Technology,Phones,Product B,850.73,4,0.0,108.55,79.73
ORD-100524,2022-10-20,2022-11-06,CUST-5775,Emily Brown,Corporate,United Kingdom,Asia-Pacific,Technology,Tables,Product D,798.59,1,0.0,296.21,47.61
ORD-100525,2022-03-06,2022-03-12,CUST-5792,Emily Brown,Corporate,Germany,Americas,Technology,Binders,Product A,4746.41,19,0.05,1334.34,586.63
ORD-100526,2023-05-21,2023-06-04,CUST-5526,Robert Wilson,Consumer,United Kingdom,Americas,Furniture,Copiers,Product C,1080.57,4,0.0,188.19,82.34
ORD-100527,2019-07-07,2019-08-05,CUST-8785,Mike Davis,Consumer,Canada,Europe,Technology,Paper,Product C,14871.4,23,0.1,2998.45,2019.41
ORD-100528,2020-11-05,2020-11-22,CUST-8962,Mike Davis,Corporate,Canada,Europe,Furniture,Paper,Product D,2843.06,8,0.0,528.94,255.76
ORD-100529,2021-11-22,2021-11-30,CUST-6198,Emily Brown,Home Office,Mexico,Americas,Office Supplies,Paper,Product A,130.54,3,0.0,39.72,10.04
ORD-100530,2023-08-22,2023-09-13,CUST-6130,Sarah Johnson,Home Office,Canada,Americas,Technology,Chairs,Product B,1979.01,7,0.0,454.09,201.06
ORD-100531,2023-08-30,2023-09-10,CUST-5702,John Smith,Corporate,Germany,Asia-Pacific,Office Supplies,Tables,Product A,193.13,12,0.2,51.8,13.53
ORD-100532,2022-01-14,2022-02-04,CUST-6699,John Smith,Corporate,United States,Europe,Office Supplies,Phones,Product B,24.08,3,0.0,5.76,2.68
ORD-100533,2019-08-21,,CUST-7744,Emily Brown,Home Office,Mexico,Americas,Technology,Binders,Product B,1052.61,2,0.0,314.14,95.72
,2021-05-31,2021-06-22,CUST-7040,Emily Brown,Consumer,Australia,Europe,Technology,Phones,Product B,5755.15,8,0.1,1143.16,789.18
ORD-100535,2021-11-15,2021-11-30,CUST-8955,Robert Wilson,Consumer,United Kingdom,Asia-Pacific,Office Supplies,Phones,Product C,169.09,13,0.1,36.9,15.22
ORD-100536,2022-07-31,2022-08-11,CUST-6432,Emily Brown,Corporate,United States,Asia-Pacific,Furniture,Copiers,Product D,5904.93,21,0.15,982.25,769.49
ORD-100537,2019-08-23,2019-09-20,CUST-6374,Emily Brown,Home Office,Mexico,Asia-Pacific,Office Supplies,Copiers,Product C,30.79,1,0.05,10.18,2.99
ORD-100538,2019-03-22,2019-03-30,CUST-5126,Robert Wilson,Consumer,Canada,Asia-Pacific,Technology,Paper,Product A,6332.76,21,0.1,2194.56,694.53
ORD-100539,2021-08-23,2021-09-11,CUST-7950,Sarah Johnson,Corporate,France,Americas,Technology,Copiers,Product C,4546.14,9,0.0,646.74,558.66
ORD-100540,2020-07-03,2020-07-10,,Robert Wilson,Home Office,Canada,Asia-Pacific,Office Supplies,Phones,Product B,47.16,7,0.0,17.15,2.97
ORD-100541,2023-04-14,,CUST-6461,Robert Wilson,Consumer,Mexico,Europe,Office Supplies,Paper,Product C,111.18,19,0.0,12.32,9.47
ORD-100542,2019-04-01,2019-04-13,CUST-8970,Mike Davis,Consumer,Australia,Americas,Office Supplies,Binders,Product C,104.07,3,0.0,14.68,14.71
ORD-100543,2022-06-26,2022-07-18,,John Smith,Corporate,Canada,Europe,Furniture,Phones,Product D,5159.32,11,0.0,1395.81,648.29
ORD-100544,2022-06-18,2022-07-05,CUST-7209,Robert Wilson,Corporate,Australia,Europe,Technology,Binders,Product A,3220.85,6,0.05,1186.0,432.18
ORD-100545,2019-05-05,2019-05-17,CUST-8728,John Smith,Corporate,Mexico,Europe,Technology,Desks,Product B,5461.05,19,0.0,1847.56,421.26
ORD-100546,2019-01-26,2019-02-14,CUST-8675,John Smith,Consumer,France,Americas,Technology,Tables,Product B,8659.3,15,0.0,2712.93,530.64
,2022-03-05,2022-03-13,CUST-8411,Sarah Johnson,Consumer,France,Asia-Pacific,Furniture,Copiers,Product B,6287.87,23,0.0,1377.16,410.68
ORD-100548,2022-01-03,2022-01-09,CUST-6649,Emily Brown,Corporate,Canada,Americas,Furniture,Chairs,Product D,7407.47,23,0.0,2363.91,1060.03
ORD-100549,2023-05-03,2023-05-26,CUST-5073,Robert Wilson,Home Office,Australia,Europe,Furniture,Binders,Product B,1958.84,10,0.0,414.85,207.83
ORD-100550,2021-08-16,2021-08-21,CUST-5949,Mike Davis,Corporate,Canada,Europe,Technology,Desks,Product A,5942.49,8,0.2,2309.79,414.47
ORD-100551,2023-07-04,2023-07-30,,Robert Wilson,Corporate,Australia,Americas,Technology,Tables,Product B,11853.48,19,0.0,2216.56,732.47
ORD-100552,2021-06-07,2021-06-15,CUST-7185,Sarah Johnson,Corporate,United States,Europe,Technology,Paper,Product B,2394.65,6,0.2,729.02,
ORD-100553,2023-05-16,2023-06-08,CUST-8631,Mike Davis,Corporate,France,Americas,Office Supplies,Binders,Product C,93.34,5,0.0,35.12,7.02
,2021-11-23,2021-12-01,CUST-7396,Mike Davis,Home Office,France,Asia-Pacific,Office Supplies,Chairs,Product D,569.38,21,0.0,180.26,33.66
ORD-100555,2023-04-13,2023-05-05,,Robert Wilson,Home Office,Australia,Asia-Pacific,Office Supplies,Paper,Product B,62.6,6,0.25,8.78,
ORD-100556,2021-04-03,2021-04-19,CUST-8487,Mike Davis,Home Office,United States,Americas,Furniture,Phones,Product C,1540.73,10,0.0,475.41,112.59
ORD-100557,2023-04-20,2023-04-25,CUST-5412,Emily Brown,Consumer,Germany,Europe,Office Supplies,Binders,Product A,110.63,5,0.1,42.49,15.21
ORD-100558,2020-12-24,2021-01-13,CUST-6870,Mike Davis,Corporate,Australia,Americas,Technology,Phones,Product D,7169.27,10,0.15,1067.75,603.56
ORD-100559,2020-12-19,2021-01-16,CUST-7613,Robert Wilson,Home Office,United States,Americas,Furniture,Tables,Product A,8320.77,21,0.05,2402.5,1006.96
ORD-100560,2019-10-20,2019-10-29,CUST-7685,Mike Davis,Home Office,Mexico,Asia-Pacific,Technology,Desks,Product D,7159.75,18,0.0,2855.5,487.34
ORD-100561,2019-06-25,2019-07-11,CUST-5687,Sarah Johnson,Home Office,Canada,Asia-Pacific,Technology,Tables,Product D,8270.35,12,0.0,2553.96,502.81
ORD-100562,2019-04-05,2019-04-26,CUST-8979,Robert Wilson,Consumer,United States,Europe,Furniture,Desks,Product D,1430.73,13,0.0,453.37,185.54
ORD-100563,2023-05-05,2023-05-13,CUST-8076,Emily Brown,Consumer,Germany,Europe,Furniture,Chairs,Product D,910.34,3,0.2,147.78,
ORD-100564,2020-10-23,2020-11-02,CUST-7617,Emily Brown,Home Office,Australia,Asia-Pacific,Technology,Copiers,Product C,2817.9,3,0.05,822.79,407.41
ORD-100565,2021-03-30,2021-04-10,CUST-8469,Robert Wilson,Corporate,United States,Europe,Furniture,Paper,Product B,2150.62,5,0.0,296.32,293.39
ORD-100566,2023-09-10,2023-09-18,CUST-7631,Sarah Johnson,Consumer,Canada,Americas,Technology,Binders,Product A,3299.29,11,0.0,356.33,
ORD-100567,2022-11-22,2022-12-12,CUST-5591,Robert Wilson,Consumer,Canada,Americas,Technology,Paper,Product D,5166.95,12,0.1,1899.61,531.06
ORD-100568,2020-04-26,2020-05-06,CUST-7967,Mike Davis,Consumer,France,Asia-Pacific,Furniture,Copiers,Product D,6389.32,22,0.0,1960.07,663.3
ORD-100569,2019-08-31,2019-09-22,CUST-5279,Mike Davis,Consumer,Mexico,Asia-Pacific,Furniture,Tables,Product D,3509.47,12,0.1,1057.22,277.77
ORD-100570,2020-01-06,2020-01-19,CUST-6572,Robert Wilson,Corporate,Mexico,Americas,Technology,Desks,Product C,10661.64,24,0.1,2080.09,1435.36
ORD-100571,2020-05-06,2020-05-16,CUST-7178,Robert Wilson,Consumer,United Kingdom,Asia-Pacific,Technology,Binders,Product B,6740.96,12,0.0,944.1,
ORD-100572,2023-11-23,2023-12-12,CUST-8052,Mike Davis,Home Office,Canada,Asia-Pacific,Office Supplies,Binders,Product D,221.09,5,0.0,24.12,12.08
ORD-100573,2023-11-26,2023-12-20,CUST-5081,John Smith,Home Office,France,Asia-Pacific,Technology,Copiers,Product C,13321.16,21,0.0,2371.42,1014.18
ORD-100574,2023-05-10,2023-05-27,CUST-5308,Mike Davis,Home Office,United States,Europe,Furniture,Copiers,Product D,490.08,3,0.1,158.23,61.7
ORD-100575,2019-04-25,2019-05-05,CUST-7517,Robert Wilson,Consumer,United Kingdom,Europe,Technology,Paper,Product D,5390.11,16,0.0,1951.09,315.43
ORD-100576,2023-03-25,2023-04-22,CUST-5256,Emily Brown,Consumer,Mexico,Americas,Technology,Desks,Product D,1350.91,7,0.1,513.72,175.52
ORD-100577,2019-12-10,,CUST-8477,Robert Wilson,Home Office,United States,Americas,Furniture,Chairs,Product A,671.19,3,0.0,123.63,43.85
ORD-100578,2020-07-16,2020-08-07,CUST-7596,Sarah Johnson,Home Office,Canada,Asia-Pacific,Technology,Desks,Product D,2655.87,5,0.0,650.74,227.47
ORD-100579,2021-10-28,2021-11-10,CUST-6588,Emily Brown,Consumer,Australia,Americas,Technology,Desks,Product D,1765.93,8,0.2,383.21,190.18
ORD-100580,2021-05-14,2021-06-11,CUST-7429,John Smith,Corporate,France,Asia-Pacific,Furniture,Paper,Product C,2443.63,8,0.0,833.07,217.02
ORD-100581,2021-11-03,2021-11-17,CUST-7244,Robert Wilson,Corporate,Australia,Asia-Pacific,Technology,Tables,Product C,6963.98,23,0.1,2571.28,962.32
ORD-100582,2021-01-01,2021-01-21,CUST-7178,John Smith,Corporate,France,Asia-Pacific,Furniture,Binders,Product D,999.45,2,0.0,180.3,115.87
ORD-100583,2023-02-11,2023-03-04,CUST-6786,Mike Davis,Home Office,Australia,Asia-Pacific,Furniture,Paper,Product A,549.42,2,0.1,165.5,27.99
ORD-100584,2023-03-25,2023-04-15,CUST-5659,John Smith,Consumer,Mexico,Asia-Pacific,Office Supplies,Copiers,Product C,872.92,21,0.05,127.8,79.26
ORD-100585,2021-03-31,2021-04-25,CUST-6464,Mike Davis,Corporate,Canada,Asia-Pacific,Furniture,Tables,Product B,5413.31,14,0.2,700.01,
ORD-100586,2020-07-17,2020-07-23,CUST-7898,Sarah Johnson,Consumer,United Kingdom,Europe,Furniture,Tables,Product C,2008.28,7,0.0,345.47,209.37
ORD-100587,2020-01-30,2020-02-18,CUST-6906,Sarah Johnson,Home Office,Germany,Americas,Office Supplies,Binders,Product D,116.51,4,0.0,27.35,6.89
ORD-100588,2022-01-06,2022-01-12,CUST-8010,Robert Wilson,Consumer,Germany,Asia-Pacific,Office Supplies,Copiers,Product C,343.44,16,0.2,134.67,
ORD-100589,2020-06-18,2020-07-10,CUST-7646,Emily Brown,Home Office,United Kingdom,Europe,Office Supplies,Paper,Product A,295.66,10,0.0,32.6,29.56
ORD-100590,2023-04-28,2023-05-13,,Sarah Johnson,Consumer,France,Europe,Technology,Phones,Product A,5121.48,19,0.0,854.7,475.28
ORD-100591,2022-01-18,2022-01-25,CUST-8684,Sarah Johnson,Home Office,United States,Americas,Technology,Binders,Product D,7861.5,10,0.05,2314.77,1105.31
ORD-100592,2023-02-14,2023-03-06,CUST-7333,Emily Brown,Home Office,Canada,Asia-Pacific,Furniture,Binders,Product D,901.18,8,0.0,160.01,119.29
ORD-100593,2021-03-29,2021-04-27,CUST-6036,Robert Wilson,Corporate,United Kingdom,Asia-Pacific,Furniture,Copiers,Product D,5493.29,13,0.0,1390.21,429.4
ORD-100594,2021-03-13,2021-04-09,CUST-7000,Emily Brown,Corporate,Australia,Europe,Office Supplies,Tables,Product B,622.93,19,0.0,204.44,89.18
ORD-100595,2023-01-21,2023-01-28,,Robert Wilson,Home Office,United States,Europe,Office Supplies,Phones,Product A,153.68,16,0.05,52.53,11.51
ORD-100596,2021-12-06,2021-12-31,CUST-5051,Emily Brown,Home Office,Mexico,Europe,Technology,Desks,Product A,21080.1,22,0.0,2907.18,1540.19
ORD-100597,2020-06-24,2020-07-17,CUST-5631,Sarah Johnson,Home Office,Germany,Europe,Technology,Binders,Product C,872.61,3,0.0,176.67,88.07
ORD-100598,2022-05-18,2022-05-23,,Emily Brown,Consumer,Germany,Asia-Pacific,Office Supplies,Paper,Product C,319.62,12,0.0,127.08,42.87
ORD-100599,2020-08-14,2020-08-25,CUST-8175,Sarah Johnson,Corporate,France,Americas,Technology,Tables,Product D,635.5,1,0.05,131.66,53.53
ORD-100600,2019-02-14,2019-02-24,CUST-8489,Emily Brown,Consumer,Mexico,Asia-Pacific,Furniture,Phones,Product A,2864.56,6,0.0,322.45,310.58
ORD-100601,2020-06-20,2020-06-26,CUST-8463,Robert Wilson,Consumer,Mexico,Europe,Office Supplies,Tables,Product C,463.96,18,0.25,54.93,46.24
ORD-100602,2023-10-22,2023-11-09,CUST-5510,Robert Wilson,Corporate,Australia,Asia-Pacific,Furniture,Binders,Product C,3093.64,8,0.1,980.94,216.81
ORD-100603,2022-02-11,2022-02-20,CUST-7063,Emily Brown,Home Office,Canada,Asia-Pacific,Technology,Desks,Product D,5130.47,11,0.0,1088.02,556.72
ORD-100604,2021-01-11,2021-01-21,CUST-7635,John Smith,Home Office,United Kingdom,Europe,Furniture,Desks,Product A,879.03,2,0.0,166.54,88.15
ORD-100605,2023-07-20,,CUST-8920,John Smith,Home Office,Mexico,Europe,Office Supplies,Paper,Product D,93.19,8,0.0,21.29,4.92
ORD-100606,2021-02-18,2021-03-11,CUST-7538,Emily Brown,Home Office,United Kingdom,Americas,Furniture,Paper,Product D,1429.32,5,0.05,452.3,
ORD-100607,2022-01-31,2022-02-06,CUST-8111,Robert Wilson,Home Office,France,Europe,Office Supplies,Copiers,Product C,904.18,20,0.0,196.01,87.01
ORD-100608,2023-06-10,2023-06-19,CUST-5447,Sarah Johnson,Consumer,United Kingdom,Europe,Technology,Desks,Product C,10377.06,20,0.0,1567.34,1321.49
ORD-100609,2020-05-16,2020-06-04,CUST-7368,Robert Wilson,Home Office,United States,Asia-Pacific,Technology,Binders,Product A,15313.61,21,0.0,4250.66,1640.61
ORD-100610,2023-02-21,2023-03-09,CUST-8444,John Smith,Consumer,Australia,Americas,Office Supplies,Tables,Product A,394.16,11,0.1,93.29,34.43
ORD-100611,2020-11-21,2020-11-29,CUST-7766,Sarah Johnson,Home Office,United Kingdom,Americas,Technology,Phones,Product A,9433.79,21,0.1,2536.22,
ORD-100612,2020-05-10,2020-05-31,CUST-7397,Mike Davis,Consumer,Mexico,Americas,Furniture,Copiers,Product B,9749.73,23,0.1,2315.41,1379.06
ORD-100613,2019-02-20,2019-03-15,CUST-7578,John Smith,Home Office,United Kingdom,Asia-Pacific,Technology,Paper,Product D,5151.93,10,0.15,1763.97,322.04
ORD-100614,2022-02-03,2022-02-20,CUST-6492,Emily Brown,Corporate,United States,Europe,Office Supplies,Binders,Product B,608.97,13,0.05,86.16,56.32
ORD-100615,2019-02-03,2019-02-15,CUST-6076,Emily Brown,Home Office,Mexico,Europe,Office Supplies,Copiers,Product B,679.79,22,0.0,261.84,49.51
ORD-100616,2020-12-06,2021-01-01,,John Smith,Home Office,Mexico,Americas,Furniture,Chairs,Product A,611.62,2,0.0,80.77,81.72
ORD-100617,2021-05-04,2021-05-14,CUST-7869,Sarah Johnson,Corporate,Mexico,Americas,Furniture,Copiers,Product A,2329.39,15,0.0,511.8,169.09
ORD-100618,2023-07-10,2023-08-08,CUST-6656,Robert Wilson,Home Office,France,Europe,Technology,Binders,Product C,7835.37,24,0.0,1076.74,666.73
ORD-100619,2020-03-09,2020-03-25,CUST-5159,John Smith,Home Office,Mexico,Americas,Technology,Phones,Product A,8347.28,16,0.0,2447.16,626.53
ORD-100620,2022-07-14,2022-07-28,CUST-6050,Sarah Johnson,Corporate,Australia,Americas,Technology,Binders,Product B,12778.67,17,0.0,3881.83,1388.7
ORD-100621,2021-01-31,2021-02-14,CUST-7209,Sarah Johnson,Corporate,Canada,Americas,Furniture,Binders,Product A,6109.22,24,0.05,1542.27,
ORD-100622,2021-12-27,2022-01-13,CUST-6065,John Smith,Consumer,Canada,Asia-Pacific,Technology,Tables,Product C,1960.28,5,0.0,523.55,280.97
ORD-100623,2022-09-13,2022-09-18,CUST-7562,John Smith,Consumer,United Kingdom,Asia-Pacific,Furniture,Chairs,Product C,1341.77,14,0.15,164.81,93.91
,2021-05-22,2021-06-17,CUST-8709,Mike Davis,Consumer,Canada,Americas,Office Supplies,Binders,Product B,114.05,24,0.05,44.05,16.01
ORD-100625,2020-03-11,2020-03-31,CUST-6483,Robert Wilson,Corporate,United States,Europe,Technology,Desks,Product A,10191.52,15,0.0,2475.54,587.12
ORD-100626,2020-02-01,2020-02-08,CUST-7986,Emily Brown,Home Office,France,Asia-Pacific,Technology,Tables,Product B,15806.26,19,0.0,4589.51,1410.75
,2022-07-03,2022-07-19,CUST-5276,Emily Brown,Consumer,United States,Europe,Technology,Desks,Product A,2827.04,3,0.0,667.83,245.15
ORD-100628,2019-12-08,2019-12-15,CUST-8707,Robert Wilson,Corporate,United Kingdom,Americas,Technology,Copiers,Product B,7037.15,14,0.15,1654.29,568.36
ORD-100629,2022-02-12,2022-03-08,CUST-8716,Robert Wilson,Home Office,Mexico,Americas,Office Supplies,Desks,Product B,203.35,8,0.0,51.26,23.05
ORD-100630,2021-12-09,2021-12-21,CUST-8823,John Smith,Home Office,Australia,Asia-Pacific,Furniture,Desks,Product A,3118.4,14,0.05,583.41,163.32
ORD-100631,2019-02-05,,CUST-5971,Emily Brown,Home Office,United Kingdom,Europe,Office Supplies,Chairs,Product D,270.69,13,0.2,73.65,31.63
ORD-100632,2022-12-11,2023-01-05,CUST-5692,Mike Davis,Home Office,Germany,Europe,Technology,Copiers,Product A,630.4,2,0.05,129.49,53.57
ORD-100633,2021-10-28,2021-11-14,CUST-8694,John Smith,Corporate,Mexico,Europe,Technology,Tables,Product C,8253.3,16,0.05,1276.79,1035.85
ORD-100634,2022-08-01,2022-08-30,CUST-5611,John Smith,Consumer,Germany,Americas,Furniture,Chairs,Product A,1706.33,6,0.0,515.65,229.23
ORD-100635,2019-09-03,2019-09-23,CUST-6746,John Smith,Home Office,Canada,Asia-Pacific,Technology,Phones,Product A,6039.65,23,0.0,2031.96,400.22
ORD-100636,2023-08-15,2023-09-12,CUST-8979,Mike Davis,Corporate,Australia,Europe,Technology,Tables,Product B,9690.56,14,0.0,2257.45,1320.71
ORD-100637,2022-05-18,2022-06-04,CUST-7228,Robert Wilson,Consumer,Mexico,Asia-Pacific,Technology,Copiers,Product C,4506.76,9,0.0,1173.84,636.57
ORD-100638,2020-11-27,2020-12-25,CUST-7517,John Smith,Home Office,United States,Europe,Office Supplies,Paper,Product D,593.45,22,0.0,63.36,47.12
ORD-100639,2022-08-25,2022-09-21,CUST-5812,Robert Wilson,Consumer,France,Americas,Office Supplies,Copiers,Product B,179.42,20,0.1,43.12,
ORD-100640,2021-06-13,2021-07-04,CUST-6964,Robert Wilson,Corporate,United States,Americas,Furniture,Binders,Product D,5158.92,21,0.1,1798.4,355.38
ORD-100641,2021-02-02,2021-02-28,CUST-7823,Mike Davis,Corporate,France,Europe,Office Supplies,Binders,Product A,682.46,14,0.0,71.17,72.52
ORD-100642,2021-12-19,2022-01-02,CUST-8372,Emily Brown,Home Office,Germany,Asia-Pacific,Furniture,Paper,Product A,1661.84,17,0.25,496.12,157.31
ORD-100643,2022-06-14,2022-07-11,CUST-5475,Sarah Johnson,Consumer,France,Americas,Office Supplies,Chairs,Product A,729.66,23,0.0,214.27,42.16
ORD-100644,2022-04-01,2022-04-27,CUST-8504,Sarah Johnson,Home Office,United States,Europe,Technology,Tables,Product C,4218.28,7,0.0,1228.78,510.59
ORD-100645,2022-02-15,2022-03-12,CUST-8754,Robert Wilson,Home Office,Canada,Europe,Furniture,Copiers,Product B,3818.19,16,0.25,1470.08,200.62
ORD-100646,2023-10-11,2023-11-01,CUST-6612,Emily Brown,Home Office,United Kingdom,Europe,Furniture,Binders,Product D,2991.66,16,0.0,527.29,438.61
ORD-100647,2019-01-02,2019-01-11,CUST-8026,Emily Brown,Consumer,Canada,Asia-Pacific,Furniture,Copiers,Product C,8757.67,20,0.0,1974.99,993.33
ORD-100648,2022-05-28,2022-06-13,CUST-8137,Robert Wilson,Corporate,United Kingdom,Asia-Pacific,Office Supplies,Paper,Product A,32.52,5,0.0,7.84,2.0
ORD-100649,2020-03-01,,CUST-6379,John Smith,Corporate,Germany,Europe,Office Supplies,Tables,Product C,762.93,21,0.15,209.54,88.59
ORD-100650,2019-04-24,2019-04-29,CUST-5808,Mike Davis,Home Office,Canada,Americas,Technology,Paper,Product A,5637.48,12,0.0,1777.96,310.54
ORD-100651,2023-04-03,2023-04-29,CUST-7877,Sarah Johnson,Corporate,United Kingdom,Europe,Technology,Tables,Product A,13136.48,24,0.1,1817.5,1178.2
ORD-100652,2022-01-04,2022-01-17,CUST-7843,Mike Davis,Consumer,France,Europe,Technology,Tables,Product A,5447.34,7,0.05,1874.7,384.24
ORD-100653,2021-04-28,2021-05-07,CUST-8029,John Smith,Corporate,France,Europe,Office Supplies,Tables,Product D,597.53,24,0.0,72.57,74.19
ORD-100654,2019-06-22,2019-07-04,CUST-6040,Sarah Johnson,Consumer,Canada,Asia-Pacific,Technology,Desks,Product D,814.99,2,0.05,130.13,42.26
ORD-100655,2023-12-03,2023-12-09,CUST-7996,Emily Brown,Home Office,Mexico,Americas,Furniture,Copiers,Product B,2189.48,7,0.0,554.79,214.26
ORD-100656,2023-01-14,2023-01-20,CUST-8922,Robert Wilson,Consumer,United States,Europe,Office Supplies,Tables,Product A,27.07,4,0.0,5.19,1.48
ORD-100657,2020-05-21,2020-06-16,CUST-8025,Mike Davis,Corporate,Australia,Europe,Furniture,Chairs,Product B,1611.98,7,0.0,510.18,
ORD-100658,2019-08-29,2019-09-05,CUST-5627,Emily Brown,Home Office,Germany,Asia-Pacific,Office Supplies,Tables,Product C,231.84,18,0.1,85.8,14.25
ORD-100659,2021-10-17,2021-11-04,CUST-5852,Mike Davis,Corporate,United Kingdom,Americas,Office Supplies,Binders,Product C,419.59,14,0.0,65.63,31.79
ORD-100660,2022-10-11,2022-11-09,CUST-6803,Mike Davis,Corporate,Germany,Americas,Technology,Tables,Product C,7493.11,10,0.05,1060.14,989.86
ORD-100661,2021-01-17,2021-01-26,CUST-6359,Sarah Johnson,Home Office,Canada,Asia-Pacific,Office Supplies,Phones,Product B,209.33,11,0.0,60.99,
ORD-100662,2020-05-25,2020-06-11,CUST-7808,Robert Wilson,Home Office,United Kingdom,Americas,Furniture,Chairs,Product C,5341.37,18,0.0,1765.54,411.01
ORD-100663,2021-06-05,2021-06-18,CUST-8066,Mike Davis,Consumer,Australia,Europe,Technology,Copiers,Product C,7779.68,11,0.0,2553.82,529.35
ORD-100664,2019-07-29,2019-08-10,CUST-5799,John Smith,Home Office,United Kingdom,Americas,Office Supplies,Chairs,Product A,90.7,4,0.0,28.0,9.45
ORD-100665,2020-10-10,2020-11-03,CUST-8533,John Smith,Corporate,Germany,Americas,Furniture,Binders,Product A,9406.01,20,0.0,2761.64,1345.39
ORD-100666,2022-05-10,2022-05-17,CUST-6094,Emily Brown,Home Office,Canada,Americas,Technology,Chairs,Product C,1630.57,4,0.0,486.59,
ORD-100667,2019-03-31,2019-04-08,CUST-6079,Emily Brown,Home Office,Germany,Europe,Office Supplies,Chairs,Product A,277.87,21,0.05,68.97,27.11
ORD-100668,2020-09-09,2020-10-05,CUST-6856,Robert Wilson,Corporate,Germany,Americas,Furniture,Chairs,Product A,6270.08,16,0.0,2152.55,935.24
ORD-100669,2023-07-22,2023-08-18,CUST-5965,Robert Wilson,Consumer,Canada,Asia-Pacific,Technology,Paper,Product A,1761.04,9,0.2,479.33,172.83
ORD-100670,2021-07-17,2021-07-30,CUST-5705,Emily Brown,Corporate,France,Asia-Pacific,Office Supplies,Paper,Product C,171.68,9,0.05,18.94,21.78
ORD-100671,2022-07-28,2022-08-12,CUST-5062,Robert Wilson,Corporate,France,Americas,Furniture,Binders,Product B,1969.44,8,0.0,750.05,
ORD-100672,2021-02-24,2021-03-18,CUST-7357,Emily Brown,Corporate,Germany,Americas,Furniture,Phones,Product D,983.2,9,0.0,208.34,104.06
ORD-100673,2021-09-18,2021-10-16,CUST-5440,Sarah Johnson,Consumer,France,Asia-Pacific,Technology,Tables,Product C,1916.54,2,0.0,402.74,154.21
ORD-100674,2020-06-11,2020-06-17,CUST-7604,Robert Wilson,Consumer,United States,Asia-Pacific,Technology,Phones,Product A,1016.76,4,0.1,171.05,
ORD-100675,2023-12-29,2024-01-26,CUST-6913,Sarah Johnson,Home Office,Germany,Europe,Furniture,Paper,Product C,552.12,2,0.0,140.09,48.98
ORD-100676,2019-10-24,2019-11-17,CUST-8785,Mike Davis,Consumer,Canada,Americas,Technology,Tables,Product B,1020.76,6,0.15,213.06,112.25
ORD-100677,2019-01-15,2019-01-26,CUST-8445,Mike Davis,Consumer,Australia,Europe,Furniture,Copiers,Product B,771.25,3,0.0,219.66,83.26
ORD-100678,2023-05-02,2023-05-20,CUST-8254,Emily Brown,Consumer,Mexico,Europe,Technology,Desks,Product A,14534.84,17,0.0,1996.86,2031.26
ORD-100679,2021-10-04,2021-10-22,CUST-6290,Mike Davis,Home Office,Mexico,Asia-Pacific,Technology,Phones,Product D,10011.32,14,0.0,3292.57,1387.64
ORD-100680,2019-02-07,2019-03-04,CUST-7453,John Smith,Corporate,France,Europe,Furniture,Paper,Product A,2154.49,8,0.2,223.25,
,2021-07-11,2021-07-17,CUST-5554,Mike Davis,Consumer,Canada,Asia-Pacific,Furniture,Phones,Product D,4487.97,11,0.0,1615.8,670.15
ORD-100682,2021-06-11,2021-06-18,CUST-8984,Robert Wilson,Home Office,United Kingdom,Americas,Technology,Chairs,Product B,10331.04,16,0.15,2476.67,658.0
ORD-100683,2023-11-23,2023-12-20,CUST-7061,Emily Brown,Corporate,Mexico,Asia-Pacific,Furniture,Phones,Product C,4600.17,13,0.05,1498.03,641.29
ORD-100684,2020-03-14,2020-03-25,CUST-5273,Emily Brown,Home Office,Australia,Asia-Pacific,Office Supplies,Tables,Product B,377.75,15,0.2,100.89,37.66
ORD-100685,2020-04-09,2020-04-29,CUST-8384,Emily Brown,Consumer,Mexico,Europe,Technology,Phones,Product C,13425.9,20,0.0,4245.87,897.04
ORD-100686,2021-08-05,2021-09-01,CUST-5767,Mike Davis,Home Office,Mexico,Europe,Furniture,Paper,Product D,322.42,1,0.0,59.8,
ORD-100687,2023-02-08,2023-02-14,CUST-8939,John Smith,Home Office,France,Asia-Pacific,Furniture,Binders,Product D,4012.39,15,0.1,1420.53,474.2
ORD-100688,2019-09-17,2019-10-16,CUST-7755,Robert Wilson,Corporate,Australia,Asia-Pacific,Office Supplies,Desks,Product C,605.9,13,0.0,132.86,77.54
ORD-100689,2023-12-12,2024-01-06,,John Smith,Consumer,United Kingdom,Europe,Office Supplies,Binders,Product C,174.41,16,0.0,41.27,23.16
ORD-100690,2022-11-09,2022-11-15,CUST-8751,Sarah Johnson,Consumer,Canada,Asia-Pacific,Office Supplies,Tables,Product D,143.18,9,0.0,22.24,
,2021-11-28,2021-12-12,CUST-7035,Robert Wilson,Home Office,France,Asia-Pacific,Furniture,Tables,Product D,554.48,4,0.0,57.68,38.13
ORD-100692,2019-06-30,2019-07-25,CUST-6262,Robert Wilson,Home Office,Mexico,Asia-Pacific,Furniture,Paper,Product D,6122.05,19,0.05,1001.2,567.76
ORD-100693,2020-07-14,2020-07-24,CUST-6708,Robert Wilson,Home Office,Canada,Europe,Technology,Paper,Product B,7905.79,13,0.2,1981.91,952.95
ORD-100694,2019-08-21,2019-09-11,CUST-7679,John Smith,Corporate,Germany,Americas,Technology,Chairs,Product C,6074.83,12,0.0,1681.15,578.17
ORD-100695,2022-11-15,2022-12-01,CUST-8863,Robert Wilson,Consumer,Australia,Asia-Pacific,Office Supplies,Binders,Product B,106.2,4,0.05,14.75,6.36
ORD-100696,2022-10-09,2022-10-22,,Robert Wilson,Home Office,France,Europe,Office Supplies,Chairs,Product B,104.48,14,0.15,31.81,12.21
ORD-100697,2023-11-21,2023-12-07,CUST-7549,Emily Brown,Corporate,United Kingdom,Asia-Pacific,Office Supplies,Desks,Product B,336.21,10,0.1,83.73,
,2020-11-25,2020-12-16,CUST-7497,Robert Wilson,Consumer,Germany,Americas,Office Supplies,Tables,Product C,75.52,8,0.0,21.58,7.72
ORD-100699,2021-11-25,2021-12-16,CUST-8929,Emily Brown,Corporate,Australia,Asia-Pacific,Office Supplies,Binders,Product B,106.5,11,0.1,42.53,13.04
ORD-100700,2019-01-09,2019-01-30,,Sarah Johnson,Consumer,Germany,Asia-Pacific,Furniture,Binders,Product C,4545.55,24,0.0,1416.75,478.57
ORD-100701,2023-06-14,2023-06-19,CUST-7643,Sarah Johnson,Home Office,United Kingdom,Americas,Furniture,Phones,Product A,5676.94,18,0.05,719.27,378.32
ORD-100702,2023-06-18,2023-07-17,CUST-6125,Sarah Johnson,Consumer,Canada,Europe,Office Supplies,Phones,Product B,215.54,8,0.0,58.95,13.08
ORD-100703,2021-02-13,2021-03-13,CUST-7942,Emily Brown,Home Office,Mexico,Americas,Technology,Tables,Product C,558.46,1,0.0,113.84,73.05
ORD-100704,2020-07-12,2020-07-19,CUST-8924,Robert Wilson,Corporate,Germany,Europe,Office Supplies,Binders,Product D,692.31,19,0.1,216.28,94.3
ORD-100705,2023-11-18,2023-11-27,CUST-7091,John Smith,Consumer,Germany,Europe,Technology,Tables,Product C,5060.27,21,0.0,1637.76,580.77
ORD-100706,2022-06-18,2022-06-24,CUST-7604,Sarah Johnson,Home Office,Canada,Asia-Pacific,Technology,Binders,Product B,7510.92,22,0.0,2700.16,1089.34
ORD-100707,2021-11-12,2021-12-01,CUST-7115,Emily Brown,Corporate,Mexico,Asia-Pacific,Technology,Tables,Product A,4779.54,6,0.0,772.29,404.4
ORD-100708,2019-12-02,2019-12-31,CUST-5353,Mike Davis,Home Office,Germany,Europe,Office Supplies,Copiers,Product C,394.28,22,0.0,98.66,33.29
ORD-100709,2020-04-17,2020-05-15,CUST-5936,Robert Wilson,Consumer,Australia,Americas,Office Supplies,Chairs,Product C,1000.32,22,0.05,350.6,131.48
ORD-100710,2021-07-21,2021-08-08,CUST-8410,Mike Davis,Consumer,Australia,Europe,Furniture,Phones,Product C,808.75,3,0.0,168.35,82.82
ORD-100711,2022-10-01,2022-10-22,CUST-7060,Sarah Johnson,Home Office,Mexico,Americas,Office Supplies,Desks,Product B,295.21,19,0.05,66.25,32.67
ORD-100712,2019-02-20,2019-03-16,CUST-7414,Emily Brown,Consumer,Mexico,Europe,Furniture,Chairs,Product D,5983.05,15,0.0,1428.57,771.65
ORD-100713,2023-02-01,2023-02-14,CUST-5709,Emily Brown,Home Office,Germany,Asia-Pacific,Office Supplies,Paper,Product B,992.57,24,0.0,149.02,127.07
ORD-100714,2021-11-17,2021-11-29,CUST-6317,Sarah Johnson,Corporate,Mexico,Europe,Technology,Binders,Product A,2120.84,4,0.0,698.34,121.1
ORD-100715,2022-02-09,2022-02-19,CUST-5958,Robert Wilson,Consumer,United States,Asia-Pacific,Furniture,Copiers,Product A,5249.09,18,0.0,689.55,649.81
ORD-100716,2023-11-17,2023-12-10,,Sarah Johnson,Home Office,Australia,Europe,Furniture,Binders,Product D,3018.34,20,0.0,889.97,
ORD-100717,2021-01-08,2021-01-18,CUST-6812,Mike Davis,Consumer,United States,Americas,Office Supplies,Binders,Product B,417.06,20,0.15,157.88,47.13
ORD-100718,2022-06-13,2022-07-03,CUST-7309,Emily Brown,Home Office,United States,Asia-Pacific,Office Supplies,Tables,Product A,239.38,8,0.0,61.98,13.76
ORD-100719,2022-12-13,2023-01-11,CUST-6998,Sarah Johnson,Corporate,Germany,Asia-Pacific,Furniture,Tables,Product A,7564.2,22,0.0,963.07,524.73
ORD-100720,2022-10-06,2022-10-24,CUST-5344,Mike Davis,Home Office,France,Asia-Pacific,Office Supplies,Binders,Product B,152.59,15,0.1,31.2,15.43
ORD-100721,2019-06-16,2019-06-28,CUST-6371,John Smith,Home Office,Canada,Americas,Technology,Chairs,Product B,8066.55,22,0.0,2076.38,1002.24
ORD-100722,2023-08-18,2023-08-31,CUST-7884,Mike Davis,Home Office,United States,Europe,Technology,Desks,Product C,956.09,1,0.0,157.12,
ORD-100723,2023-07-17,2023-07-31,CUST-7817,Robert Wilson,Consumer,Australia,Americas,Technology,Tables,Product A,6548.32,15,0.2,1713.34,697.28
ORD-100724,2023-05-26,2023-06-15,CUST-6982,Emily Brown,Corporate,United States,Europe,Office Supplies,Binders,Product C,380.38,23,0.0,121.08,
ORD-100725,2019-10-23,2019-11-03,CUST-8061,Emily Brown,Consumer,United States,Asia-Pacific,Office Supplies,Desks,Product B,493.01,13,0.0,114.3,47.13
ORD-100726,2023-09-26,2023-10-14,CUST-6185,Mike Davis,Consumer,Germany,Asia-Pacific,Technology,Chairs,Product D,4864.92,14,0.0,1133.15,721.0
ORD-100727,2023-02-20,2023-03-14,CUST-7809,John Smith,Home Office,Mexico,Americas,Technology,Desks,Product A,5509.84,6,0.0,951.95,799.03
ORD-100728,2022-07-23,2022-08-06,CUST-8512,Mike Davis,Home Office,Canada,Americas,Office Supplies,Paper,Product D,393.13,8,0.0,104.51,
ORD-100729,2021-07-08,2021-07-23,CUST-5767,Sarah Johnson,Consumer,Germany,Americas,Technology,Desks,Product B,16033.97,20,0.0,1984.02,831.29
ORD-100730,2022-06-21,2022-07-11,CUST-6403,John Smith,Consumer,France,Europe,Furniture,Chairs,Product A,6288.52,21,0.0,713.86,902.11
ORD-100731,2022-11-01,2022-11-11,CUST-7473,Sarah Johnson,Corporate,Mexico,Americas,Office Supplies,Paper,Product C,372.65,16,0.05,59.88,18.85
ORD-100732,2021-10-29,2021-11-13,CUST-6129,John Smith,Consumer,France,Europe,Technology,Desks,Product B,12851.81,14,0.0,4611.7,1199.4
ORD-100733,2022-04-20,2022-05-01,CUST-7241,Emily Brown,Consumer,United States,Europe,Office Supplies,Paper,Product C,151.31,21,0.1,57.91,8.91
ORD-100734,2020-05-20,2020-06-18,CUST-5531,Sarah Johnson,Home Office,France,Americas,Technology,Chairs,Product D,12467.24,22,0.2,1829.82,1523.52
ORD-100735,2022-03-23,2022-04-02,CUST-8336,Robert Wilson,Consumer,Mexico,Americas,Furniture,Copiers,Product D,4389.27,9,0.0,701.82,
ORD-100736,2021-04-19,2021-04-25,CUST-5388,Mike Davis,Corporate,United States,Asia-Pacific,Furniture,Paper,Product D,2210.63,5,0.0,610.63,317.85
ORD-100737,2021-07-13,2021-07-28,,Robert Wilson,Consumer,France,Asia-Pacific,Furniture,Phones,Product D,8660.66,19,0.05,1748.23,871.7
ORD-100738,2022-01-08,2022-01-30,CUST-5604,Mike Davis,Corporate,Australia,Americas,Office Supplies,Binders,Product B,321.72,7,0.0,61.52,33.58
ORD-100739,2022-03-17,2022-04-14,CUST-7377,Sarah Johnson,Home Office,Mexico,Americas,Technology,Tables,Product C,770.48,2,0.05,117.55,103.46
ORD-100740,2022-08-29,2022-09-21,,Emily Brown,Consumer,Canada,Asia-Pacific,Technology,Chairs,Product C,13053.13,20,0.05,2917.83,1193.74
ORD-100741,2023-01-29,2023-02-21,CUST-6129,John Smith,Corporate,Australia,Europe,Office Supplies,Phones,Product C,447.07,12,0.0,124.5,23.49
ORD-100742,2020-01-06,2020-01-14,CUST-7378,John Smith,Home Office,Mexico,Asia-Pacific,Furniture,Desks,Product C,2356.0,7,0.0,842.25,118.5
ORD-100743,2019-01-11,2019-02-02,CUST-8017,Sarah Johnson,Home Office,Canada,Asia-Pacific,Technology,Phones,Product B,2782.05,11,0.25,922.15,161.59
ORD-100744,2022-06-05,2022-06-11,CUST-7896,Mike Davis,Consumer,Mexico,Americas,Office Supplies,Tables,Product A,793.51,20,0.15,169.54,112.11
ORD-100745,2020-02-24,2020-03-23,,John Smith,Corporate,Mexico,Europe,Office Supplies,Chairs,Product A,120.26,4,0.05,43.73,9.62
ORD-100746,2021-04-17,2021-04-26,CUST-6360,Sarah Johnson,Home Office,United States,Asia-Pacific,Technology,Tables,Product C,3474.22,4,0.0,1134.42,353.62
ORD-100747,2019-07-10,2019-07-25,CUST-6277,Emily Brown,Corporate,Mexico,Asia-Pacific,Technology,Paper,Product D,2835.49,3,0.05,361.89,390.49
ORD-100748,2023-03-16,2023-03-30,CUST-7194,Emily Brown,Home Office,Australia,Europe,Furniture,Copiers,Product A,10643.23,23,0.0,2611.23,1135.06
ORD-100749,2022-08-11,2022-09-03,CUST-6143,John Smith,Corporate,United Kingdom,Europe,Furniture,Desks,Product C,3571.38,13,0.2,629.95,455.46
ORD-100750,2021-11-30,2021-12-29,CUST-6959,Robert Wilson,Consumer,France,Asia-Pacific,Furniture,Desks,Product D,2878.41,8,0.1,753.58,181.96
ORD-100751,2022-03-14,2022-03-25,CUST-7130,Sarah Johnson,Corporate,Germany,Europe,Furniture,Desks,Product B,2046.51,15,0.0,234.81,206.55
ORD-100752,2023-12-11,2023-12-30,CUST-8041,Mike Davis,Home Office,United States,Asia-Pacific,Office Supplies,Binders,Product C,582.97,13,0.1,115.93,65.18
ORD-100753,2019-04-14,2019-05-05,CUST-8479,John Smith,Home Office,United States,Americas,Furniture,Copiers,Product B,4035.05,14,0.0,784.23,535.16
ORD-100754,2020-04-27,2020-05-16,CUST-5824,Robert Wilson,Home Office,Mexico,Asia-Pacific,Furniture,Paper,Product D,2616.11,10,0.15,627.98,380.14
ORD-100755,2022-10-11,2022-11-05,CUST-5425,Emily Brown,Home Office,Germany,Asia-Pacific,Technology,Paper,Product B,12732.01,21,0.15,3731.32,1283.83
ORD-100756,2020-12-30,,CUST-5616,Robert Wilson,Home Office,Canada,Europe,Office Supplies,Binders,Product C,326.61,23,0.0,40.92,21.14
ORD-100757,2019-06-21,2019-07-10,,Sarah Johnson,Home Office,Australia,Americas,Office Supplies,Phones,Product B,70.71,11,0.1,27.42,
ORD-100758,2023-08-05,2023-08-26,CUST-7248,Mike Davis,Home Office,Australia,Europe,Furniture,Copiers,Product A,2625.07,15,0.05,529.27,286.95
ORD-100759,2020-04-28,2020-05-23,CUST-5987,Emily Brown,Corporate,Canada,Asia-Pacific,Technology,Paper,Product C,14026.83,15,0.0,4288.16,1871.71
ORD-100760,2022-07-08,2022-07-30,CUST-7996,Emily Brown,Corporate,United Kingdom,Americas,Technology,Binders,Product B,3820.29,5,0.05,1415.4,487.71
ORD-100761,2020-11-04,2020-12-01,CUST-5711,Sarah Johnson,Home Office,Germany,Asia-Pacific,Furniture,Paper,Product D,6241.95,17,0.0,1428.32,353.06
ORD-100762,2020-02-07,2020-02-17,CUST-6663,Mike Davis,Home Office,Australia,Europe,Furniture,Phones,Product C,7006.96,17,0.05,1874.49,
ORD-100763,2023-05-17,2023-05-26,CUST-7807,Robert Wilson,Home Office,United Kingdom,Asia-Pacific,Furniture,Chairs,Product A,3390.06,13,0.1,696.13,458.41
ORD-100764,2021-07-16,2021-08-14,CUST-7286,Robert Wilson,Corporate,Mexico,Americas,Furniture,Desks,Product D,4969.76,19,0.05,1580.49,583.55
ORD-100765,2020-11-14,2020-11-25,CUST-5700,Sarah Johnson,Home Office,Mexico,Americas,Technology,Desks,Product C,9100.87,23,0.0,3000.23,
,2021-04-29,2021-05-21,CUST-6960,John Smith,Corporate,Mexico,Europe,Technology,Desks,Product D,13504.36,21,0.0,4310.75,
ORD-100767,2019-11-30,2019-12-08,CUST-5282,John Smith,Corporate,Mexico,Europe,Office Supplies,Desks,Product C,950.51,20,0.0,376.69,123.8
ORD-100768,2019-04-23,2019-05-17,CUST-8600,Mike Davis,Home Office,Germany,Asia-Pacific,Technology,Chairs,Product B,13593.77,17,0.1,1413.34,705.65
ORD-100769,2019-04-22,2019-04-30,CUST-6714,John Smith,Consumer,United States,Europe,Furniture,Tables,Product C,2689.0,8,0.0,868.28,363.23
ORD-100770,2021-02-18,2021-03-03,CUST-6479,Sarah Johnson,Consumer,France,Americas,Furniture,Copiers,Product B,485.74,1,0.0,107.46,25.2
ORD-100771,2023-06-06,2023-06-14,CUST-5804,Sarah Johnson,Home Office,France,Asia-Pacific,Technology,Binders,Product D,3239.51,15,0.2,866.15,207.02
ORD-100772,2020-04-12,2020-05-03,CUST-8299,John Smith,Corporate,Mexico,Americas,Office Supplies,Binders,Product B,167.65,12,0.0,38.16,18.53
ORD-100773,2020-11-01,2020-11-07,CUST-6143,Sarah Johnson,Consumer,United Kingdom,Europe,Technology,Chairs,Product B,10254.1,13,0.05,1806.42,1218.17
ORD-100774,2022-03-12,2022-03-21,CUST-7310,John Smith,Consumer,Australia,Europe,Office Supplies,Tables,Product C,206.45,9,0.0,28.05,11.82
ORD-100775,2022-11-02,2022-11-18,CUST-7972,Robert Wilson,Home Office,Australia,Americas,Furniture,Phones,Product D,2785.05,10,0.0,859.01,
ORD-100776,2023-07-18,2023-08-11,CUST-6057,Mike Davis,Home Office,Germany,Europe,Furniture,Chairs,Product B,4637.64,17,0.1,1153.62,644.62
ORD-100777,2021-05-05,2021-06-02,CUST-6939,Emily Brown,Consumer,Australia,Americas,Technology,Phones,Product D,21346.06,24,0.0,3250.65,1120.61
ORD-100778,2021-01-07,2021-01-24,CUST-8291,Robert Wilson,Consumer,United Kingdom,Asia-Pacific,Technology,Chairs,Product C,8506.15,9,0.0,2594.38,973.98
ORD-100779,2019-11-12,2019-11-29,CUST-8546,Sarah Johnson,Consumer,United States,Asia-Pacific,Office Supplies,Phones,Product A,61.09,6,0.0,13.77,3.49
ORD-100780,2022-09-25,2022-10-20,CUST-7944,John Smith,Home Office,United States,Europe,Furniture,Tables,Product D,6017.95,21,0.1,1589.39,
ORD-100781,2020-10-16,2020-10-24,CUST-8181,Emily Brown,Corporate,France,Europe,Technology,Tables,Product C,6616.43,14,0.2,1659.63,333.16
ORD-100782,2023-05-26,2023-06-03,CUST-6967,John Smith,Home Office,Germany,Americas,Furniture,Chairs,Product D,1151.0,4,0.05,392.73,99.9
ORD-100783,2023-12-07,2023-12-31,CUST-7542,Emily Brown,Consumer,Canada,Americas,Office Supplies,Chairs,Product D,739.37,19,0.15,186.26,89.33
ORD-100784,2020-03-09,2020-04-07,CUST-7899,Robert Wilson,Home Office,United Kingdom,Europe,Furniture,Chairs,Product A,6541.97,17,0.0,2306.64,824.98
ORD-100785,2023-08-10,2023-09-05,,Mike Davis,Home Office,Germany,Europe,Office Supplies,Desks,Product A,40.4,3,0.0,14.8,4.12
ORD-100786,2022-12-07,2022-12-29,CUST-7868,Robert Wilson,Corporate,France,Asia-Pacific,Office Supplies,Phones,Product D,268.06,7,0.0,67.82,22.39
ORD-100787,2022-07-18,2022-08-08,CUST-8144,Robert Wilson,Home Office,Canada,Europe,Furniture,Tables,Product B,3279.46,17,0.05,1235.71,268.36
ORD-100788,2021-03-09,2021-03-16,CUST-7087,John Smith,Consumer,Mexico,Europe,Office Supplies,Copiers,Product A,486.42,10,0.0,52.29,39.95
ORD-100789,2020-02-24,2020-03-23,CUST-7757,John Smith,Corporate,Australia,Europe,Technology,Phones,Product A,5481.27,13,0.0,1311.24,594.04
,2020-05-23,2020-06-08,CUST-5472,Emily Brown,Corporate,United Kingdom,Americas,Furniture,Desks,Product C,7292.67,17,0.0,1833.32,1011.19
ORD-100791,2022-08-29,2022-09-12,CUST-8988,Emily Brown,Corporate,Germany,Asia-Pacific,Technology,Tables,Product B,14588.08,16,0.0,4122.68,2186.39
ORD-100792,2020-01-15,2020-01-25,CUST-5865,John Smith,Consumer,Mexico,Asia-Pacific,Technology,Paper,Product B,4418.13,14,0.0,750.6,237.21
ORD-100793,2022-12-12,2022-12-25,CUST-7696,Robert Wilson,Consumer,Germany,Asia-Pacific,Office Supplies,Copiers,Product C,226.9,6,0.0,45.07,17.69
ORD-100794,2022-03-17,2022-04-13,CUST-7656,Sarah Johnson,Home Office,France,Americas,Technology,Desks,Product D,11850.89,12,0.0,3165.22,986.91
ORD-100795,2023-10-29,2023-11-19,CUST-6993,Emily Brown,Corporate,Mexico,Americas,Office Supplies,Desks,Product A,109.44,13,0.0,33.77,8.88
ORD-100796,2021-08-16,2021-09-10,CUST-6139,Robert Wilson,Home Office,Australia,Asia-Pacific,Furniture,Chairs,Product D,1519.88,10,0.0,378.46,182.22
ORD-100797,2021-02-04,2021-02-27,CUST-5812,Emily Brown,Consumer,France,Asia-Pacific,Furniture,Paper,Product A,2985.51,20,0.1,303.56,
ORD-100798,2020-03-30,2020-04-12,CUST-6168,Sarah Johnson,Corporate,France,Asia-Pacific,Furniture,Binders,Product C,3872.15,15,0.15,1193.72,412.5
ORD-100799,2020-05-22,2020-06-12,CUST-7572,John Smith,Consumer,Australia,Europe,Technology,Chairs,Product D,3004.6,14,0.0,1083.73,162.99
ORD-100800,2021-10-20,2021-11-05,CUST-6835,Mike Davis,Consumer,United Kingdom,Americas,Furniture,Desks,Product B,5438.85,20,0.0,1590.71,275.02
ORD-100801,2021-06-11,2021-06-19,CUST-5378,Emily Brown,Consumer,United Kingdom,Europe,Furniture,Binders,Product D,3978.15,8,0.0,1585.07,487.71
ORD-100802,2023-09-15,2023-09-21,CUST-7023,Sarah Johnson,Consumer,Germany,Asia-Pacific,Furniture,Phones,Product B,2739.38,20,0.0,627.47,386.12
ORD-100803,2021-10-18,2021-11-01,CUST-7735,Mike Davis,Corporate,Canada,Asia-Pacific,Office Supplies,Binders,Product C,280.19,7,0.0,35.86,14.35
ORD-100804,2022-03-03,2022-04-01,,Robert Wilson,Home Office,Australia,Americas,Technology,Chairs,Product D,5920.04,20,0.0,1536.79,765.0
ORD-100805,2022-03-21,2022-03-29,CUST-6151,John Smith,Consumer,Canada,Americas,Technology,Desks,Product A,11586.56,20,0.0,2784.93,
ORD-100806,2021-08-05,2021-08-18,CUST-5822,John Smith,Home Office,France,Asia-Pacific,Furniture,Chairs,Product A,1777.82,9,0.0,336.65,159.64
ORD-100807,2022-04-26,2022-05-13,CUST-8044,Emily Brown,Home Office,United Kingdom,Asia-Pacific,Technology,Paper,Product A,10778.88,11,0.0,3280.57,1295.33
ORD-100808,2019-03-16,2019-03-25,CUST-5937,John Smith,Corporate,Canada,Asia-Pacific,Office Supplies,Phones,Product D,60.04,5,0.25,21.17,4.39
ORD-100809,2022-04-13,2022-04-25,CUST-8865,Emily Brown,Corporate,Mexico,Americas,Technology,Tables,Product A,11457.54,17,0.1,2658.17,1457.01
ORD-100810,2020-09-28,2020-10-23,CUST-8317,Robert Wilson,Home Office,United States,Asia-Pacific,Office Supplies,Desks,Product D,144.64,13,0.0,21.25,7.52
ORD-100811,2022-10-07,2022-10-13,CUST-5625,Sarah Johnson,Consumer,Germany,Asia-Pacific,Technology,Copiers,Product C,21125.36,23,0.0,7138.72,1948.09
ORD-100812,2023-04-10,2023-04-18,CUST-7620,Emily Brown,Home Office,United States,Europe,Technology,Copiers,Product B,4537.34,6,0.0,1552.91,295.54
ORD-100813,2023-11-30,2023-12-09,CUST-8605,John Smith,Home Office,United Kingdom,Asia-Pacific,Furniture,Binders,Product B,2066.7,5,0.05,645.45,109.77
ORD-100814,2021-05-01,2021-05-12,CUST-6177,Sarah Johnson,Consumer,United States,Asia-Pacific,Technology,Chairs,Product A,905.64,3,0.0,336.27,116.97
ORD-100815,2023-11-06,2023-11-19,CUST-5479,Mike Davis,Home Office,Germany,Europe,Technology,Phones,Product C,1040.35,2,0.0,284.1,153.37
ORD-100816,2020-09-17,2020-09-22,CUST-6887,Mike Davis,Consumer,United Kingdom,Asia-Pacific,Office Supplies,Tables,Product B,125.2,5,0.15,21.47,13.24
ORD-100817,2021-07-30,2021-08-14,CUST-5995,Sarah Johnson,Home Office,United States,Europe,Furniture,Tables,Product B,7483.7,21,0.0,1922.97,917.96
ORD-100818,2023-12-19,2024-01-14,CUST-6877,Mike Davis,Home Office,Canada,Asia-Pacific,Furniture,Copiers,Product C,1014.44,9,0.0,306.63,107.69
ORD-100819,2021-02-15,2021-02-22,CUST-7002,John Smith,Corporate,Canada,Americas,Technology,Paper,Product A,7777.35,13,0.1,2237.36,
ORD-100820,2020-04-02,2020-04-27,,Robert Wilson,Consumer,United States,Europe,Office Supplies,Desks,Product D,105.9,6,0.1,34.12,8.95
ORD-100821,2022-11-26,2022-12-01,CUST-6656,Sarah Johnson,Corporate,Mexico,Asia-Pacific,Office Supplies,Paper,Product B,33.06,2,0.1,7.54,2.02
ORD-100822,2022-02-17,2022-03-01,CUST-6716,Sarah Johnson,Corporate,France,Europe,Technology,Phones,Product D,11261.65,20,0.0,3136.26,931.95
ORD-100823,2019-07-04,2019-07-18,CUST-6428,John Smith,Consumer,Mexico,Europe,Office Supplies,Tables,Product A,72.62,11,0.0,24.79,4.36
,2022-09-30,2022-10-21,CUST-8313,Sarah Johnson,Consumer,France,Americas,Furniture,Phones,Product B,1241.69,8,0.0,375.01,98.65
ORD-100825,2021-03-11,2021-03-22,,John Smith,Corporate,United Kingdom,Europe,Technology,Desks,Product C,3377.0,4,0.05,1100.78,291.2
ORD-100826,2020-08-11,2020-08-27,CUST-8414,John Smith,Corporate,Australia,Asia-Pacific,Technology,Copiers,Product D,13308.36,23,0.1,4711.11,1469.04
ORD-100827,2023-08-14,2023-08-23,CUST-7727,John Smith,Consumer,Canada,Europe,Technology,Paper,Product A,16529.44,17,0.0,5877.92,2226.87
ORD-100828,2021-10-25,2021-11-19,CUST-6596,Sarah Johnson,Home Office,Australia,Americas,Furniture,Desks,Product C,2166.58,9,0.0,367.84,218.61
ORD-100829,2020-05-27,2020-06-25,CUST-5907,Robert Wilson,Corporate,Australia,Americas,Office Supplies,Chairs,Product C,161.02,6,0.0,54.01,13.45
ORD-100830,2019-04-10,2019-05-05,CUST-7563,Robert Wilson,Consumer,Germany,Asia-Pacific,Office Supplies,Copiers,Product D,163.51,4,0.1,32.72,9.86
ORD-100831,2020-06-01,2020-06-06,CUST-7563,Emily Brown,Home Office,United States,Asia-Pacific,Technology,Chairs,Product D,5187.37,8,0.1,849.63,263.42
ORD-100832,2022-05-17,2022-06-11,CUST-7964,Emily Brown,Corporate,Mexico,Asia-Pacific,Technology,Copiers,Product C,8948.4,20,0.1,1000.58,993.85
ORD-100833,2022-11-14,2022-12-12,CUST-8845,John Smith,Consumer,Australia,Americas,Office Supplies,Phones,Product B,299.99,11,0.2,49.44,34.37
ORD-100834,2023-07-04,2023-07-11,CUST-7394,Mike Davis,Home Office,Canada,Europe,Furniture,Phones,Product C,3283.16,21,0.15,1295.41,327.04
ORD-100835,2020-03-03,,CUST-7121,Robert Wilson,Consumer,United Kingdom,Americas,Technology,Copiers,Product C,17978.58,21,0.0,6543.11,1573.22
ORD-100836,2019-03-23,2019-04-21,CUST-5174,Sarah Johnson,Consumer,Canada,Europe,Technology,Phones,Product D,1934.89,8,0.05,351.72,232.3
ORD-100837,2022-10-08,2022-10-19,CUST-6695,Mike Davis,Consumer,Australia,Asia-Pacific,Technology,Binders,Product A,576.22,2,0.1,171.67,48.47
ORD-100838,2019-06-18,2019-07-04,CUST-5729,Mike Davis,Corporate,Australia,Asia-Pacific,Furniture,Chairs,Product D,318.82,1,0.0,123.23,28.49
ORD-100839,2020-05-22,2020-06-15,CUST-7895,John Smith,Consumer,United Kingdom,Asia-Pacific,Technology,Copiers,Product B,871.85,2,0.1,160.83,47.96
ORD-100840,2022-04-28,,CUST-7403,Emily Brown,Corporate,United States,Americas,Technology,Chairs,Product B,12775.09,16,0.0,1628.32,1343.29
ORD-100841,2020-07-16,2020-07-31,CUST-8190,John Smith,Consumer,Canada,Americas,Furniture,Tables,Product B,2339.36,7,0.0,751.23,
ORD-100842,2021-11-25,2021-12-14,CUST-6322,Sarah Johnson,Home Office,Canada,Americas,Technology,Chairs,Product A,14947.54,19,0.2,4431.62,1067.2
ORD-100843,2020-10-19,2020-11-17,CUST-6649,Robert Wilson,Consumer,Germany,Americas,Furniture,Binders,Product A,8918.76,24,0.0,3118.6,975.36
ORD-100844,2023-12-07,2024-01-05,CUST-6252,Sarah Johnson,Home Office,Australia,Europe,Technology,Binders,Product B,1821.03,6,0.0,461.27,203.28
ORD-100845,2021-11-25,2021-12-14,CUST-6463,Mike Davis,Corporate,United Kingdom,Americas,Office Supplies,Phones,Product C,211.24,18,0.0,35.47,19.54
ORD-100846,2022-05-06,2022-06-01,CUST-5401,Sarah Johnson,Home Office,Australia,Asia-Pacific,Furniture,Binders,Product D,5444.96,18,0.05,1199.42,303.52
ORD-100847,2021-06-30,2021-07-07,CUST-6421,Emily Brown,Home Office,Canada,Asia-Pacific,Office Supplies,Copiers,Product D,141.15,5,0.0,43.74,15.82
ORD-100848,2020-03-02,2020-03-17,CUST-7296,Mike Davis,Home Office,United Kingdom,Americas,Office Supplies,Paper,Product C,98.42,2,0.0,29.49,6.9
ORD-100849,2021-09-25,,CUST-7846,Robert Wilson,Home Office,Germany,Europe,Office Supplies,Copiers,Product B,675.85,21,0.0,78.64,77.6
ORD-100850,2021-12-14,2021-12-27,CUST-8061,Emily Brown,Consumer,Germany,Europe,Furniture,Phones,Product B,4135.81,16,0.0,653.51,558.09
ORD-100851,2019-10-09,2019-10-18,CUST-5394,Robert Wilson,Consumer,Germany,Americas,Furniture,Chairs,Product A,5488.98,13,0.05,1349.89,433.3
ORD-100852,2020-06-06,2020-06-29,CUST-6466,John Smith,Corporate,Germany,Asia-Pacific,Office Supplies,Tables,Product D,803.84,21,0.05,241.2,63.11
ORD-100853,2019-04-05,2019-04-18,CUST-8975,Mike Davis,Consumer,Germany,Asia-Pacific,Technology,Paper,Product C,6740.67,24,0.0,2295.71,847.03
ORD-100854,2023-05-27,2023-06-19,CUST-8557,Emily Brown,Home Office,Germany,Asia-Pacific,Office Supplies,Binders,Product D,115.48,18,0.0,35.64,12.15
ORD-100855,2019-02-11,2019-02-24,CUST-6436,John Smith,Consumer,United States,Americas,Technology,Binders,Product A,15509.74,20,0.15,2807.29,
ORD-100856,2021-09-25,2021-10-23,CUST-5722,Sarah Johnson,Corporate,Canada,Americas,Furniture,Tables,Product D,5089.37,20,0.05,656.39,
ORD-100857,2022-11-21,2022-12-15,CUST-5919,Sarah Johnson,Consumer,France,Europe,Technology,Desks,Product A,19131.25,24,0.0,4232.0,2418.18
ORD-100858,2023-01-11,2023-01-23,CUST-5166,Robert Wilson,Consumer,Australia,Americas,Office Supplies,Tables,Product A,34.6,1,0.2,12.23,3.48
ORD-100859,2022-03-19,2022-04-12,CUST-5759,Robert Wilson,Consumer,Mexico,Americas,Office Supplies,Paper,Product B,148.29,10,0.0,41.65,13.05
ORD-100860,2019-06-12,2019-07-02,CUST-6765,Emily Brown,Home Office,Australia,Americas,Technology,Chairs,Product A,5622.71,6,0.0,1641.18,665.03
ORD-100861,2019-02-03,2019-02-11,CUST-8114,Sarah Johnson,Home Office,France,Americas,Furniture,Tables,Product D,4273.09,20,0.0,1366.86,535.02
ORD-100862,2020-12-31,2021-01-18,CUST-8004,John Smith,Home Office,France,Asia-Pacific,Office Supplies,Paper,Product D,91.59,10,0.0,34.33,5.1
ORD-100863,2023-02-24,2023-03-16,CUST-8858,Sarah Johnson,Consumer,Australia,Asia-Pacific,Furniture,Binders,Product C,8153.75,21,0.1,2208.95,585.28
ORD-100864,2021-08-19,2021-09-07,CUST-5963,John Smith,Home Office,Germany,Asia-Pacific,Furniture,Copiers,Product C,7808.15,24,0.0,2567.71,816.14
ORD-100865,2019-08-05,2019-08-24,CUST-5580,Robert Wilson,Home Office,Australia,Americas,Furniture,Binders,Product D,1657.77,5,0.1,498.91,168.1
ORD-100866,2019-12-10,2020-01-02,CUST-6693,Robert Wilson,Home Office,United States,Asia-Pacific,Furniture,Desks,Product B,602.34,2,0.1,171.01,50.77
ORD-100867,2019-10-30,2019-11-24,CUST-5774,John Smith,Consumer,Germany,Americas,Technology,Paper,Product C,10773.45,15,0.05,2467.5,1100.07
ORD-100868,2023-07-23,2023-08-09,CUST-6637,Robert Wilson,Home Office,Australia,Asia-Pacific,Technology,Paper,Product B,757.01,1,0.0,87.7,100.3
ORD-100869,2021-05-04,2021-05-12,CUST-8883,John Smith,Consumer,Germany,Asia-Pacific,Furniture,Copiers,Product D,1971.88,4,0.0,419.7,180.25
ORD-100870,2021-10-02,2021-10-28,CUST-6532,Emily Brown,Corporate,United Kingdom,Asia-Pacific,Office Supplies,Phones,Product B,156.63,23,0.2,45.05,16.55
ORD-100871,2021-12-08,2021-12-27,CUST-8163,John Smith,Consumer,United Kingdom,Asia-Pacific,Technology,Tables,Product C,8033.08,19,0.0,3076.26,469.05
ORD-100872,2020-07-28,2020-08-07,CUST-7183,Robert Wilson,Corporate,Australia,Asia-Pacific,Technology,Paper,Product C,7952.41,11,0.0,2825.58,1171.05
ORD-100873,2023-04-06,2023-04-13,CUST-7895,Emily Brown,Home Office,Mexico,Europe,Technology,Desks,Product B,3033.29,9,0.0,1181.94,319.58
ORD-100874,2023-10-19,2023-11-07,CUST-7682,Sarah Johnson,Corporate,United States,Europe,Furniture,Binders,Product B,4004.32,10,0.0,569.61,425.13
ORD-100875,2020-07-30,2020-08-06,CUST-5981,Emily Brown,Corporate,Germany,Americas,Technology,Chairs,Product D,3467.67,15,0.0,1228.72,380.14
ORD-100876,2019-03-17,2019-03-30,CUST-7109,Emily Brown,Corporate,United States,Europe,Office Supplies,Binders,Product B,59.17,3,0.1,15.36,6.99
ORD-100877,2020-10-20,2020-11-17,CUST-6404,Emily Brown,Home Office,United Kingdom,Americas,Technology,Chairs,Product C,7899.9,14,0.1,1592.18,961.99
ORD-100878,2020-04-04,2020-05-03,CUST-7923,John Smith,Corporate,United Kingdom,Asia-Pacific,Furniture,Tables,Product C,3733.97,12,0.0,615.27,218.57
ORD-100879,2022-01-18,2022-02-06,CUST-7989,Robert Wilson,Corporate,Australia,Europe,Furniture,Copiers,Product C,4415.56,9,0.0,507.52,506.69
ORD-100880,2019-06-26,2019-07-01,CUST-5929,Mike Davis,Corporate,Germany,Europe,Furniture,Binders,Product C,7886.49,16,0.0,2465.21,
ORD-100881,2022-08-26,2022-09-07,CUST-7146,John Smith,Consumer,Australia,Europe,Office Supplies,Binders,Product A,97.07,23,0.2,23.22,
ORD-100882,2019-02-03,2019-02-26,CUST-7735,John Smith,Consumer,Canada,Americas,Office Supplies,Copiers,Product D,269.56,7,0.05,92.62,19.86
ORD-100883,2019-06-30,2019-07-07,CUST-7669,Emily Brown,Consumer,United Kingdom,Americas,Office Supplies,Desks,Product C,368.65,9,0.05,96.59,54.46
ORD-100884,2023-06-10,2023-06-26,CUST-7193,John Smith,Corporate,Canada,Asia-Pacific,Office Supplies,Binders,Product C,15.88,1,0.05,3.85,1.31
ORD-100885,2021-04-22,2021-05-16,CUST-6049,Mike Davis,Corporate,Germany,Asia-Pacific,Furniture,Binders,Product D,324.21,1,0.0,127.87,46.29
ORD-100886,2022-10-22,2022-11-02,CUST-5135,Robert Wilson,Consumer,United States,Europe,Technology,Paper,Product A,5171.05,16,0.0,1614.6,379.09
ORD-100887,2021-06-06,2021-07-05,CUST-6277,Robert Wilson,Corporate,United Kingdom,Europe,Furniture,Tables,Product B,1966.61,4,0.0,356.2,148.18
ORD-100888,2019-05-11,2019-06-02,CUST-5535,Robert Wilson,Corporate,France,Americas,Furniture,Tables,Product A,5576.02,23,0.0,841.71,784.4
ORD-100889,2020-08-02,2020-08-24,CUST-5642,John Smith,Corporate,Germany,Asia-Pacific,Office Supplies,Desks,Product A,542.2,17,0.05,117.21,79.68
,2023-10-30,2023-11-12,CUST-6814,Emily Brown,Corporate,Australia,Asia-Pacific,Office Supplies,Copiers,Product A,151.92,23,0.05,18.22,9.19
ORD-100891,2022-07-01,2022-07-13,CUST-7557,Mike Davis,Corporate,Canada,Americas,Office Supplies,Copiers,Product D,35.4,1,0.25,3.59,2.01
ORD-100892,2021-06-12,2021-06-18,CUST-7099,Emily Brown,Consumer,Australia,Americas,Office Supplies,Chairs,Product D,168.85,24,0.0,16.98,12.52
ORD-100893,2020-11-26,2020-12-08,CUST-6676,Mike Davis,Home Office,Canada,Americas,Technology,Paper,Product D,11899.58,21,0.1,4431.27,
ORD-100894,2019-02-26,2019-03-26,CUST-6244,John Smith,Consumer,Mexico,Asia-Pacific,Office Supplies,Tables,Product D,602.01,23,0.0,77.04,
ORD-100895,2019-02-07,2019-02-25,CUST-7768,Robert Wilson,Corporate,Mexico,Asia-Pacific,Technology,Chairs,Product D,4657.87,9,0.0,1613.78,380.32
ORD-100896,2019-06-15,2019-06-20,CUST-6029,Sarah Johnson,Corporate,Australia,Asia-Pacific,Technology,Desks,Product C,15744.46,19,0.05,2274.92,1850.2
ORD-100897,2020-11-22,2020-12-05,CUST-5553,Emily Brown,Corporate,Canada,Asia-Pacific,Technology,Desks,Product C,6316.96,17,0.05,856.4,319.56
ORD-100898,2023-06-08,2023-06-18,CUST-6325,John Smith,Corporate,Canada,Europe,Furniture,Desks,Product D,2458.82,9,0.0,722.85,217.39
ORD-100899,2022-07-08,2022-07-19,CUST-5951,Emily Brown,Consumer,United States,Europe,Office Supplies,Chairs,Product D,165.33,7,0.05,33.33,11.76
ORD-100900,2019-04-20,2019-05-13,CUST-7135,Sarah Johnson,Corporate,United States,Asia-Pacific,Technology,Tables,Product C,1042.33,6,0.2,335.21,141.99
ORD-100901,2023-01-22,2023-02-05,CUST-6778,John Smith,Consumer,France,Americas,Office Supplies,Phones,Product B,42.71,6,0.1,12.23,4.52
ORD-100902,2022-06-19,2022-07-12,CUST-8772,Emily Brown,Home Office,Canada,Europe,Technology,Binders,Product B,8792.78,9,0.0,2797.62,521.28
ORD-100903,2022-05-29,2022-06-13,CUST-5553,John Smith,Consumer,Germany,Americas,Office Supplies,Tables,Product A,243.95,16,0.0,31.63,15.27
ORD-100904,2020-12-30,2021-01-07,CUST-8148,Robert Wilson,Home Office,France,Asia-Pacific,Office Supplies,Chairs,Product B,362.96,9,0.05,86.31,41.81
ORD-100905,2020-06-01,2020-06-10,CUST-6181,Sarah Johnson,Home Office,United States,Europe,Office Supplies,Paper,Product C,284.59,8,0.0,76.73,29.6
ORD-100906,2020-07-24,2020-08-18,,Robert Wilson,Home Office,Australia,Americas,Furniture,Paper,Product D,8328.24,20,0.0,2310.32,815.07
ORD-100907,2021-01-11,2021-01-23,CUST-8376,Sarah Johnson,Home Office,Germany,Europe,Furniture,Desks,Product D,1160.45,4,0.1,414.43,151.55
ORD-100908,2019-11-26,2019-12-06,CUST-8659,Mike Davis,Consumer,Mexico,Americas,Technology,Chairs,Product B,12930.6,20,0.15,3836.73,1119.77
ORD-100909,2020-02-05,2020-02-27,CUST-5891,Robert Wilson,Consumer,Canada,Asia-Pacific,Technology,Desks,Product B,10680.4,15,0.05,2539.67,1275.31
ORD-100910,2022-04-02,2022-04-11,CUST-5835,Mike Davis,Consumer,Germany,Europe,Furniture,Tables,Product B,655.33,5,0.0,254.22,82.22
ORD-100911,2022-10-28,2022-11-11,CUST-6905,John Smith,Corporate,Canada,Asia-Pacific,Furniture,Paper,Product C,2004.27,14,0.0,762.67,204.56
ORD-100912,2020-12-22,2021-01-05,CUST-5159,Robert Wilson,Home Office,United States,Europe,Furniture,Copiers,Product B,1734.22,8,0.15,473.22,119.38
ORD-100913,2022-01-31,2022-02-10,CUST-5259,John Smith,Home Office,United Kingdom,Americas,Technology,Desks,Product D,1775.95,8,0.0,212.07,145.96
ORD-100914,2019-06-23,2019-07-08,,Mike Davis,Home Office,United Kingdom,Americas,Furniture,Desks,Product B,2110.03,7,0.0,331.47,226.25
ORD-100915,2020-08-12,2020-08-19,,John Smith,Corporate,Australia,Asia-Pacific,Furniture,Binders,Product B,4186.11,14,0.0,1604.82,486.24
ORD-100916,2023-06-06,2023-06-18,CUST-7603,Sarah Johnson,Home Office,Mexico,Europe,Furniture,Binders,Product C,3777.66,24,0.05,441.21,540.2
ORD-100917,2019-04-01,2019-04-18,CUST-6772,John Smith,Home Office,France,Americas,Furniture,Copiers,Product D,778.4,2,0.2,305.24,
ORD-100918,2023-10-30,2023-11-22,CUST-5505,John Smith,Corporate,Germany,Americas,Technology,Phones,Product B,3901.74,4,0.0,1542.13,532.51
ORD-100919,2020-12-20,2020-12-26,CUST-6685,John Smith,Consumer,United States,Europe,Technology,Tables,Product C,3187.56,11,0.05,1218.2,270.33
ORD-100920,2021-09-23,2021-10-10,CUST-8819,Sarah Johnson,Corporate,United Kingdom,Americas,Technology,Tables,Product C,9035.77,21,0.05,2215.31,1313.71
ORD-100921,2021-03-05,2021-03-28,CUST-5977,Sarah Johnson,Home Office,United Kingdom,Asia-Pacific,Technology,Chairs,Product D,7026.31,12,0.0,2744.47,459.34
ORD-100922,2019-10-17,2019-10-30,CUST-8834,Sarah Johnson,Home Office,Mexico,Asia-Pacific,Furniture,Tables,Product A,1612.81,6,0.0,606.61,154.33
ORD-100923,2019-10-21,2019-10-26,CUST-8339,Emily Brown,Corporate,United States,Asia-Pacific,Furniture,Paper,Product D,251.26,1,0.0,76.66,23.19
ORD-100924,2019-10-16,2019-11-09,,Emily Brown,Consumer,United Kingdom,Europe,Furniture,Copiers,Product D,1534.95,7,0.0,542.66,146.42
ORD-100925,2019-07-01,2019-07-14,CUST-7117,Mike Davis,Corporate,Germany,Asia-Pacific,Technology,Binders,Product B,8630.86,16,0.15,2357.9,660.0
ORD-100926,2021-12-19,2021-12-25,CUST-5815,Mike Davis,Corporate,United States,Europe,Technology,Copiers,Product C,9440.09,24,0.0,948.03,1029.59
ORD-100927,2023-03-23,2023-04-13,,Mike Davis,Consumer,United Kingdom,Europe,Office Supplies,Phones,Product A,444.36,10,0.0,103.6,62.03
ORD-100928,2023-03-02,2023-03-18,CUST-8449,Robert Wilson,Corporate,Canada,Europe,Office Supplies,Copiers,Product D,582.9,13,0.0,142.55,32.19
ORD-100929,2022-03-23,2022-04-11,CUST-5708,Emily Brown,Consumer,United Kingdom,Americas,Furniture,Chairs,Product C,5288.84,15,0.0,664.8,418.73
ORD-100930,2020-07-08,2020-07-18,CUST-6381,Mike Davis,Home Office,Canada,Asia-Pacific,Technology,Tables,Product D,14725.74,15,0.0,4991.65,959.15
ORD-100931,2019-05-26,2019-06-17,CUST-5813,Mike Davis,Consumer,Germany,Americas,Office Supplies,Phones,Product C,615.56,22,0.0,138.5,75.14
ORD-100932,2020-08-15,2020-09-02,CUST-7213,Emily Brown,Consumer,France,Asia-Pacific,Office Supplies,Binders,Product D,175.42,15,0.0,52.11,18.41
ORD-100933,2020-02-01,2020-02-29,CUST-6696,Robert Wilson,Corporate,Canada,Europe,Technology,Chairs,Product B,7773.07,19,0.1,1117.44,448.03
ORD-100934,2023-08-08,2023-09-06,CUST-8889,Robert Wilson,Corporate,Australia,Americas,Office Supplies,Chairs,Product D,313.15,8,0.0,49.23,41.16
ORD-100935,2020-06-27,2020-07-21,CUST-8924,Mike Davis,Consumer,Canada,Asia-Pacific,Technology,Chairs,Product B,1213.54,3,0.0,229.49,112.57
ORD-100936,2019-08-11,2019-08-27,,Emily Brown,Consumer,Canada,Asia-Pacific,Furniture,Phones,Product A,2732.71,16,0.05,488.48,403.8
ORD-100937,2021-01-31,2021-02-18,CUST-7738,Robert Wilson,Consumer,Mexico,Europe,Furniture,Desks,Product C,4633.98,10,0.0,1109.19,625.47
ORD-100938,2021-07-16,2021-07-24,CUST-6467,John Smith,Consumer,United Kingdom,Americas,Furniture,Chairs,Product B,4442.76,15,0.0,543.06,
,2021-12-08,2021-12-13,CUST-6447,Robert Wilson,Home Office,Mexico,Americas,Office Supplies,Tables,Product A,119.03,19,0.0,46.88,10.45
ORD-100940,2021-04-18,2021-04-27,CUST-6244,Sarah Johnson,Home Office,Canada,Americas,Technology,Tables,Product C,6548.28,21,0.05,1068.55,661.06
ORD-100941,2022-10-15,2022-11-01,CUST-7058,Sarah Johnson,Consumer,Canada,Europe,Furniture,Tables,Product D,2747.72,12,0.0,743.95,317.21
,2022-05-22,2022-05-29,CUST-8005,Mike Davis,Corporate,United Kingdom,Asia-Pacific,Technology,Chairs,Product D,15921.68,23,0.1,2297.35,857.52
ORD-100943,2022-12-14,2022-12-20,CUST-5834,Sarah Johnson,Home Office,Australia,Asia-Pacific,Furniture,Chairs,Product D,4071.25,16,0.0,602.64,415.67
ORD-100944,2020-02-07,2020-02-19,CUST-6694,Mike Davis,Home Office,United States,Europe,Office Supplies,Desks,Product A,158.57,22,0.0,21.02,19.95
ORD-100945,2019-05-23,2019-06-14,CUST-6704,Sarah Johnson,Corporate,France,Americas,Furniture,Tables,Product D,1896.12,16,0.05,613.18,
ORD-100946,2019-08-23,2019-09-21,CUST-8952,Mike Davis,Corporate,Germany,Asia-Pacific,Furniture,Copiers,Product C,686.98,5,0.0,112.16,97.39
ORD-100947,2023-08-18,2023-08-23,CUST-5159,John Smith,Home Office,Germany,Americas,Furniture,Desks,Product D,2002.38,9,0.05,418.26,172.4
ORD-100948,2020-02-03,2020-02-26,CUST-8434,Sarah Johnson,Home Office,Germany,Americas,Office Supplies,Tables,Product D,531.64,18,0.0,175.23,68.57
ORD-100949,2020-12-25,2021-01-14,CUST-5382,Mike Davis,Corporate,Australia,Americas,Technology,Binders,Product A,2989.54,7,0.0,405.95,172.64
ORD-100950,2023-11-13,2023-12-12,CUST-5660,Robert Wilson,Corporate,Canada,Asia-Pacific,Office Supplies,Copiers,Product B,76.7,3,0.05,25.86,6.81
ORD-100951,2023-07-23,2023-08-02,CUST-8995,Sarah Johnson,Corporate,Australia,Americas,Furniture,Paper,Product B,1982.08,23,0.2,772.25,261.52
ORD-100952,2019-10-06,2019-10-24,CUST-8177,Sarah Johnson,Corporate,Mexico,Americas,Furniture,Paper,Product A,4259.18,10,0.0,1560.79,457.59
,2023-08-16,2023-08-30,CUST-6324,John Smith,Corporate,United States,Europe,Furniture,Chairs,Product C,2116.27,9,0.0,261.07,298.66
ORD-100954,2023-11-26,2023-12-22,CUST-6738,John Smith,Corporate,Australia,Americas,Furniture,Copiers,Product D,7418.29,17,0.0,1067.24,704.38
ORD-100955,2020-03-24,2020-04-19,CUST-8031,Mike Davis,Home Office,Canada,Asia-Pacific,Furniture,Phones,Product B,8865.98,21,0.0,1764.89,782.92
ORD-100956,2023-06-30,2023-07-16,CUST-6420,John Smith,Consumer,Germany,Americas,Office Supplies,Chairs,Product D,116.6,17,0.0,39.97,9.52
ORD-100957,2021-06-16,2021-07-04,CUST-7327,John Smith,Corporate,United Kingdom,Europe,Furniture,Phones,Product C,302.89,3,0.05,56.58,20.78
ORD-100958,2021-12-04,2021-12-30,CUST-8280,Robert Wilson,Consumer,Mexico,Americas,Office Supplies,Paper,Product D,208.87,6,0.0,44.15,17.88
ORD-100959,2022-11-30,2022-12-21,CUST-5977,Sarah Johnson,Consumer,France,Europe,Office Supplies,Paper,Product C,624.19,17,0.0,120.25,34.99
ORD-100960,2020-02-29,2020-03-15,CUST-6801,John Smith,Corporate,Mexico,Asia-Pacific,Office Supplies,Tables,Product C,435.87,21,0.2,164.74,
ORD-100961,2023-03-03,2023-03-09,CUST-5068,Emily Brown,Home Office,Mexico,Americas,Office Supplies,Binders,Product C,741.34,20,0.0,89.61,72.11
ORD-100962,2020-07-20,2020-07-30,CUST-8448,Sarah Johnson,Consumer,United Kingdom,Europe,Technology,Phones,Product C,9248.45,15,0.0,3225.04,
ORD-100963,2021-10-27,2021-11-04,CUST-7509,John Smith,Home Office,United Kingdom,Americas,Technology,Phones,Product A,10184.95,20,0.05,1205.33,1337.63
ORD-100964,2019-10-28,2019-11-25,CUST-5874,Emily Brown,Home Office,United States,Europe,Technology,Phones,Product A,16842.07,22,0.1,4931.61,2298.4
ORD-100965,2021-07-28,2021-08-20,CUST-6062,John Smith,Home Office,Mexico,Europe,Office Supplies,Tables,Product C,466.04,14,0.0,166.53,42.44
ORD-100966,2020-06-29,2020-07-20,CUST-8564,Emily Brown,Corporate,France,Asia-Pacific,Furniture,Copiers,Product D,3630.23,21,0.05,1337.43,535.78
ORD-100967,2019-06-25,2019-07-05,CUST-5935,Emily Brown,Home Office,Australia,Europe,Furniture,Binders,Product B,3160.66,13,0.1,1260.04,428.47
ORD-100968,2022-06-29,2022-07-13,CUST-5415,Sarah Johnson,Consumer,United States,Asia-Pacific,Office Supplies,Chairs,Product D,189.39,8,0.1,66.06,13.44
ORD-100969,2019-05-30,2019-06-16,CUST-8756,Sarah Johnson,Home Office,United States,Americas,Furniture,Desks,Product D,3496.45,20,0.0,862.59,373.76
ORD-100970,2021-02-01,2021-02-20,CUST-8138,John Smith,Consumer,Australia,Americas,Furniture,Desks,Product B,1253.87,12,0.1,214.13,85.59
ORD-100971,2022-08-25,2022-09-17,CUST-6608,Sarah Johnson,Consumer,France,Europe,Office Supplies,Phones,Product D,438.71,16,0.0,161.38,49.87
ORD-100972,2020-05-02,2020-05-29,CUST-5656,Robert Wilson,Corporate,United Kingdom,Asia-Pacific,Technology,Phones,Product C,871.85,4,0.05,186.02,127.17
ORD-100973,2021-09-17,2021-10-09,CUST-5303,Mike Davis,Home Office,Australia,Americas,Furniture,Tables,Product D,484.63,1,0.0,132.57,42.28
ORD-100974,2021-01-09,2021-02-06,CUST-7251,Robert Wilson,Corporate,Canada,Asia-Pacific,Office Supplies,Tables,Product B,150.88,4,0.05,50.96,8.38
ORD-100975,2020-03-22,2020-04-04,,Robert Wilson,Consumer,United Kingdom,Europe,Technology,Copiers,Product B,8940.29,22,0.0,2923.67,809.0
ORD-100976,2020-11-28,2020-12-15,CUST-7248,John Smith,Home Office,Mexico,Asia-Pacific,Office Supplies,Phones,Product A,267.73,20,0.0,79.86,18.92
ORD-100977,2019-01-03,2019-01-29,,John Smith,Home Office,United Kingdom,Asia-Pacific,Technology,Phones,Product A,12427.03,20,0.0,4697.59,
ORD-100978,2019-09-15,2019-09-25,CUST-8122,John Smith,Home Office,Germany,Asia-Pacific,Office Supplies,Paper,Product B,153.77,18,0.0,46.75,18.86
ORD-100979,2019-08-17,2019-09-12,CUST-8815,Sarah Johnson,Corporate,Australia,Americas,Technology,Phones,Product C,8320.21,14,0.0,2412.74,423.39
ORD-100980,2020-12-16,2020-12-27,CUST-5169,Robert Wilson,Corporate,France,Americas,Technology,Phones,Product A,9831.61,18,0.0,2034.05,1281.81
ORD-100981,2019-11-19,2019-12-09,CUST-8437,Sarah Johnson,Home Office,Mexico,Europe,Office Supplies,Paper,Product C,160.98,15,0.15,38.95,14.04
ORD-100982,2021-09-08,2021-09-20,CUST-5233,Emily Brown,Consumer,Australia,Europe,Office Supplies,Phones,Product D,274.32,18,0.25,53.11,29.77
ORD-100983,2023-05-13,2023-05-20,CUST-8368,Robert Wilson,Consumer,Canada,Europe,Office Supplies,Chairs,Product A,357.6,15,0.0,130.3,31.45
ORD-100984,2019-10-08,2019-10-26,CUST-5017,Robert Wilson,Consumer,France,Europe,Furniture,Copiers,Product A,2773.54,8,0.0,542.53,401.58
ORD-100985,2022-02-28,2022-03-29,CUST-7907,John Smith,Consumer,France,Asia-Pacific,Furniture,Tables,Product C,3472.24,7,0.0,683.16,236.22
ORD-100986,2023-12-02,2023-12-26,CUST-5340,John Smith,Corporate,France,Americas,Furniture,Phones,Product C,3164.05,11,0.0,721.52,342.46
ORD-100987,2023-01-11,2023-01-16,CUST-5719,Mike Davis,Consumer,United States,Europe,Technology,Paper,Product D,8045.31,9,0.0,1594.02,883.53
ORD-100988,2021-12-05,2021-12-15,CUST-6257,Sarah Johnson,Consumer,Canada,Americas,Technology,Chairs,Product D,3102.88,9,0.15,689.23,320.63
ORD-100989,2019-08-10,2019-09-07,CUST-7174,John Smith,Corporate,United Kingdom,Asia-Pacific,Office Supplies,Paper,Product C,169.47,7,0.0,36.61,23.45
ORD-100990,2020-02-06,2020-02-28,CUST-6464,Emily Brown,Corporate,France,Europe,Furniture,Tables,Product A,5184.88,11,0.05,1886.03,
ORD-100991,2022-06-09,2022-06-23,,John Smith,Home Office,Mexico,Asia-Pacific,Technology,Tables,Product C,2347.22,8,0.0,527.23,141.4
ORD-100992,2019-03-05,2019-03-25,CUST-6163,Robert Wilson,Corporate,France,Asia-Pacific,Technology,Phones,Product A,3409.23,7,0.05,1201.39,408.36
ORD-100993,2019-06-12,2019-06-29,CUST-6717,Emily Brown,Consumer,Canada,Americas,Technology,Paper,Product C,3370.69,8,0.0,1000.37,464.91
ORD-100994,2023-04-08,2023-04-30,CUST-7639,Robert Wilson,Home Office,United Kingdom,Europe,Office Supplies,Copiers,Product A,672.83,17,0.0,220.27,86.59
ORD-100995,2022-03-19,2022-04-15,CUST-6903,Mike Davis,Consumer,France,Asia-Pacific,Furniture,Chairs,Product D,5874.02,20,0.0,1368.05,873.26
ORD-100996,2021-05-17,2021-05-27,CUST-5294,Sarah Johnson,Home Office,Canada,Europe,Technology,Tables,Product B,2438.23,10,0.15,822.95,130.86
ORD-100997,2021-02-07,2021-02-22,CUST-5878,Robert Wilson,Corporate,France,Asia-Pacific,Office Supplies,Phones,Product A,902.92,23,0.0,348.77,120.03
ORD-100998,2019-12-22,2020-01-02,CUST-8266,Mike Davis,Corporate,France,Europe,Technology,Paper,Product A,7592.83,12,0.0,2066.01,763.84
ORD-100999,2021-02-17,2021-03-01,CUST-5327,Robert Wilson,Corporate,Canada,Europe,Furniture,Binders,Product B,7724.84,16,0.0,2610.37,1145.13
,2020-10-26,2020-11-09,CUST-5273,Sarah Johnson,Corporate,Mexico,Europe,Technology,Chairs,Product A,4324.36,18,0.2,640.73,450.35
ORD-101001,2023-11-08,2023-11-28,CUST-5442,Emily Brown,Corporate,Canada,Asia-Pacific,Furniture,Phones,Product D,3133.45,8,0.15,1208.33,342.64
ORD-101002,2023-07-20,2023-08-09,CUST-5876,Sarah Johnson,Consumer,Germany,Asia-Pacific,Office Supplies,Phones,Product D,582.25,13,0.0,61.26,83.04
ORD-101003,2023-06-27,2023-07-06,CUST-8236,John Smith,Consumer,Canada,Asia-Pacific,Office Supplies,Chairs,Product D,325.93,7,0.05,113.74,40.28
ORD-101004,2020-12-12,2020-12-19,CUST-8604,Mike Davis,Consumer,United Kingdom,Europe,Office Supplies,Chairs,Product C,116.09,13,0.0,43.86,10.02
ORD-101005,2019-09-29,2019-10-26,CUST-6452,Emily Brown,Home Office,Australia,Americas,Office Supplies,Phones,Product B,212.92,5,0.1,30.27,
ORD-101006,2022-11-19,2022-12-12,CUST-5560,Emily Brown,Corporate,United Kingdom,Americas,Technology,Phones,Product D,2587.47,7,0.15,843.41,258.31
ORD-101007,2023-08-17,2023-09-14,CUST-8258,Sarah Johnson,Corporate,United States,Americas,Office Supplies,Tables,Product D,482.11,17,0.0,165.42,57.93
ORD-101008,2019-09-30,2019-10-20,CUST-6479,Mike Davis,Consumer,Canada,Americas,Technology,Phones,Product A,8460.59,22,0.15,1393.0,479.88
ORD-101009,2020-10-18,2020-10-27,CUST-5018,Emily Brown,Home Office,United States,Asia-Pacific,Office Supplies,Copiers,Product D,525.24,17,0.0,71.94,64.71
ORD-101010,2020-12-21,2021-01-15,CUST-6795,Emily Brown,Consumer,United Kingdom,Asia-Pacific,Office Supplies,Chairs,Product C,203.59,7,0.1,21.74,24.15
ORD-101011,2023-03-08,2023-03-27,CUST-7577,Robert Wilson,Home Office,United Kingdom,Asia-Pacific,Office Supplies,Paper,Product D,608.59,20,0.15,146.29,78.55
ORD-101012,2019-12-24,2020-01-09,CUST-8654,Sarah Johnson,Corporate,United Kingdom,Americas,Furniture,Paper,Product C,1167.32,11,0.05,218.96,90.74
ORD-101013,2022-12-12,2023-01-05,CUST-6005,Sarah Johnson,Consumer,Germany,Americas,Technology,Phones,Product B,11597.28,20,0.05,3729.67,1648.01
ORD-101014,2020-04-22,2020-05-12,CUST-6334,John Smith,Corporate,Germany,Americas,Technology,Copiers,Product D,13177.68,14,0.0,3895.14,1757.21
ORD-101015,2022-10-29,2022-11-22,CUST-5948,Mike Davis,Consumer,Germany,Europe,Furniture,Phones,Product B,1101.26,5,0.0,298.89,141.39
ORD-101016,2020-04-04,2020-04-22,CUST-5063,Sarah Johnson,Home Office,Mexico,Americas,Office Supplies,Binders,Product B,109.91,5,0.1,21.95,12.12
ORD-101017,2023-02-06,2023-02-23,CUST-7199,John Smith,Consumer,France,Americas,Furniture,Chairs,Product A,4231.59,15,0.0,1100.31,442.65
ORD-101018,2023-07-25,2023-08-06,CUST-7403,Emily Brown,Consumer,France,Americas,Technology,Phones,Product C,2937.77,6,0.25,332.91,263.36
ORD-101019,2020-08-21,2020-09-08,CUST-8146,John Smith,Home Office,Mexico,Europe,Technology,Copiers,Product A,254.04,1,0.0,38.47,24.61
ORD-101020,2021-11-30,2021-12-18,CUST-8516,Mike Davis,Consumer,Australia,Americas,Technology,Tables,Product C,503.91,2,0.1,183.6,58.17
ORD-101021,2019-07-15,,CUST-7338,Robert Wilson,Consumer,Mexico,Europe,Technology,Chairs,Product C,1954.98,8,0.0,710.35,156.89
ORD-101022,2023-05-21,2023-05-26,CUST-5513,John Smith,Home Office,Australia,Europe,Technology,Desks,Product A,13801.78,23,0.05,1596.75,927.98
ORD-101023,2019-12-24,2020-01-16,CUST-7895,Sarah Johnson,Consumer,Germany,Europe,Technology,Phones,Product C,5089.69,24,0.05,1452.2,735.54
ORD-101024,2021-11-25,2021-12-01,CUST-7103,Mike Davis,Consumer,Germany,Americas,Office Supplies,Phones,Product B,82.9,8,0.0,14.38,10.84
ORD-101025,2021-03-04,2021-03-29,CUST-7203,Emily Brown,Home Office,Mexico,Americas,Furniture,Chairs,Product B,2004.44,7,0.0,235.13,212.57
ORD-101026,2020-10-12,2020-10-22,CUST-6381,Mike Davis,Corporate,United States,Asia-Pacific,Office Supplies,Binders,Product B,177.01,12,0.0,61.63,24.68
ORD-101027,2023-02-26,2023-03-19,CUST-7158,Mike Davis,Corporate,Mexico,Asia-Pacific,Office Supplies,Desks,Product B,255.41,7,0.05,63.71,37.45
ORD-101028,2021-02-08,2021-02-14,CUST-7032,Robert Wilson,Home Office,United States,Europe,Furniture,Desks,Product C,7596.71,16,0.05,2378.09,1092.68
ORD-101029,2023-01-23,2023-02-05,CUST-7450,Robert Wilson,Corporate,United States,Americas,Technology,Tables,Product D,974.31,1,0.0,296.6,120.22
ORD-101030,2020-08-17,2020-09-08,CUST-8295,John Smith,Corporate,Mexico,Americas,Furniture,Paper,Product D,1688.35,4,0.0,576.57,98.75
ORD-101031,2019-10-02,2019-10-13,CUST-8452,John Smith,Consumer,United States,Europe,Office Supplies,Chairs,Product C,447.81,16,0.0,73.55,66.24
ORD-101032,2022-03-27,2022-04-24,CUST-6611,Robert Wilson,Home Office,France,Europe,Furniture,Tables,Product D,1052.07,4,0.0,177.19,117.34
ORD-101033,2019-08-29,2019-09-23,CUST-5589,Robert Wilson,Corporate,Australia,Asia-Pacific,Office Supplies,Tables,Product C,170.28,4,0.0,49.67,25.06
,2019-10-18,2019-11-02,CUST-8450,John Smith,Consumer,United Kingdom,Asia-Pacific,Technology,Copiers,Product C,4530.01,8,0.0,963.71,425.21
ORD-101035,2023-12-11,2023-12-22,CUST-8290,Mike Davis,Consumer,United Kingdom,Americas,Technology,Desks,Product A,6008.07,16,0.1,660.62,418.57
ORD-101036,2019-10-09,2019-10-16,CUST-8603,Mike Davis,Consumer,France,Americas,Technology,Phones,Product C,3631.46,10,0.2,532.57,
ORD-101037,2019-05-19,2019-06-14,CUST-6980,John Smith,Consumer,France,Americas,Office Supplies,Paper,Product B,359.55,18,0.05,139.91,48.47
ORD-101038,2023-01-11,2023-02-07,CUST-6498,John Smith,Consumer,United States,Americas,Furniture,Binders,Product A,10069.69,22,0.0,3564.94,1200.05
ORD-101039,2021-03-19,2021-03-24,CUST-5874,Sarah Johnson,Consumer,United Kingdom,Americas,Furniture,Chairs,Product D,1795.46,4,0.05,637.58,
ORD-101040,2020-09-16,2020-09-24,,John Smith,Consumer,United States,Europe,Technology,Binders,Product A,14114.11,24,0.0,4244.16,1006.53
ORD-101041,2020-05-12,2020-05-18,CUST-8239,Sarah Johnson,Consumer,Germany,Americas,Furniture,Phones,Product C,6775.04,23,0.05,2374.12,
ORD-101042,2020-04-15,2020-04-23,CUST-7711,John Smith,Corporate,France,Americas,Technology,Binders,Product C,8007.81,24,0.0,3141.08,761.28
ORD-101043,2019-05-31,2019-06-14,CUST-6639,Robert Wilson,Corporate,Australia,Asia-Pacific,Furniture,Tables,Product B,7496.14,24,0.05,2969.21,573.23
ORD-101044,2021-01-13,2021-02-02,,John Smith,Home Office,Germany,Asia-Pacific,Office Supplies,Tables,Product B,651.95,16,0.05,206.08,45.67
ORD-101045,2020-01-14,2020-02-04,CUST-5073,John Smith,Consumer,United Kingdom,Europe,Technology,Paper,Product C,5644.09,8,0.0,1448.7,363.72
ORD-101046,2022-11-30,2022-12-27,CUST-8968,Sarah Johnson,Consumer,Canada,Asia-Pacific,Technology,Paper,Product C,13241.56,14,0.0,2319.54,1039.01
ORD-101047,2020-10-31,2020-11-12,CUST-5058,Emily Brown,Home Office,Australia,Asia-Pacific,Technology,Binders,Product D,1217.17,4,0.0,249.47,137.1
ORD-101048,2022-03-01,2022-03-09,CUST-8437,Emily Brown,Corporate,United States,Americas,Office Supplies,Phones,Product B,20.44,3,0.15,7.36,1.77
ORD-101049,2021-01-19,2021-02-04,CUST-7821,Sarah Johnson,Consumer,Australia,Americas,Office Supplies,Chairs,Product D,38.03,2,0.0,8.8,4.05
ORD-101050,2019-12-11,2019-12-25,CUST-5555,Sarah Johnson,Consumer,Australia,Asia-Pacific,Furniture,Phones,Product A,6593.08,15,0.1,1383.62,929.58
ORD-101051,2019-08-14,2019-09-06,CUST-7878,Mike Davis,Home Office,Germany,Americas,Office Supplies,Tables,Product A,165.54,12,0.05,47.05,20.23
ORD-101052,2023-12-10,2023-12-23,CUST-8138,Sarah Johnson,Consumer,United Kingdom,Europe,Technology,Chairs,Product A,8165.35,23,0.0,1560.09,756.16
ORD-101053,2019-08-20,2019-09-11,CUST-5430,Emily Brown,Home Office,France,Asia-Pacific,Furniture,Paper,Product B,1086.66,9,0.15,224.84,58.11
ORD-101054,2019-04-17,2019-04-30,CUST-8272,Emily Brown,Home Office,Germany,Europe,Furniture,Paper,Product C,2130.46,14,0.0,722.8,218.89
ORD-101055,2022-02-27,2022-03-25,CUST-6473,Sarah Johnson,Home Office,France,Europe,Furniture,Phones,Product C,2199.97,10,0.0,252.03,274.14
ORD-101056,2020-02-01,2020-02-06,CUST-6286,John Smith,Home Office,United States,Europe,Technology,Phones,Product D,518.69,1,0.1,97.81,67.34
ORD-101057,2023-05-01,2023-05-15,CUST-5776,Emily Brown,Consumer,Australia,Asia-Pacific,Technology,Phones,Product D,12587.76,14,0.0,3413.37,875.95
ORD-101058,2022-05-27,,CUST-6409,Mike Davis,Consumer,France,Americas,Office Supplies,Phones,Product A,207.64,5,0.05,82.04,19.85
ORD-101059,2020-05-09,2020-05-26,,Sarah Johnson,Corporate,Mexico,Asia-Pacific,Furniture,Desks,Product C,3934.37,12,0.0,1168.56,513.03
ORD-101060,2019-06-22,2019-07-21,CUST-5178,John Smith,Home Office,United Kingdom,Americas,Technology,Desks,Product D,9089.64,23,0.05,1870.93,735.23
ORD-101061,2021-08-03,2021-08-10,CUST-7910,Emily Brown,Home Office,Germany,Americas,Furniture,Binders,Product D,3849.15,11,0.0,960.41,531.78
ORD-101062,2022-12-22,2023-01-01,CUST-7258,Robert Wilson,Corporate,United States,Asia-Pacific,Technology,Binders,Product A,12497.48,23,0.0,4614.09,936.09
ORD-101063,2019-05-13,2019-05-18,CUST-8857,John Smith,Home Office,Mexico,Europe,Technology,Binders,Product D,7227.28,14,0.0,2854.4,633.38
ORD-101064,2023-08-22,2023-09-11,CUST-5833,Sarah Johnson,Consumer,Canada,Asia-Pacific,Office Supplies,Paper,Product D,340.35,10,0.05,54.23,48.03
ORD-101065,2021-09-02,2021-09-25,CUST-8147,Sarah Johnson,Home Office,Mexico,Europe,Technology,Tables,Product D,4488.38,6,0.1,1701.13,328.54
ORD-101066,2022-07-30,2022-08-19,CUST-5530,Mike Davis,Home Office,France,Asia-Pacific,Office Supplies,Tables,Product C,442.58,24,0.0,60.09,23.39
ORD-101067,2022-05-05,2022-05-29,CUST-5408,John Smith,Home Office,Germany,Europe,Furniture,Phones,Product C,1811.65,4,0.0,191.88,156.11
ORD-101068,2023-07-01,2023-07-14,CUST-8413,Robert Wilson,Home Office,United Kingdom,Americas,Technology,Desks,Product D,1121.36,3,0.0,367.5,159.54
ORD-101069,2022-01-23,2022-01-29,CUST-7480,John Smith,Home Office,France,Europe,Furniture,Binders,Product C,3819.65,10,0.0,1159.92,246.84
ORD-101070,2020-01-27,2020-02-03,CUST-8887,Emily Brown,Corporate,United States,Asia-Pacific,Technology,Phones,Product B,1571.08,4,0.05,212.27,
ORD-101071,2023-03-23,2023-04-10,CUST-8910,Robert Wilson,Corporate,Germany,Americas,Technology,Desks,Product D,16343.04,20,0.0,1868.74,2305.8
ORD-101072,2022-06-17,2022-06-23,CUST-7745,Mike Davis,Home Office,United States,Asia-Pacific,Office Supplies,Chairs,Product D,279.54,15,0.05,94.13,21.14
ORD-101073,2020-08-27,2020-09-03,CUST-7059,John Smith,Corporate,Australia,Europe,Technology,Phones,Product C,13662.49,19,0.0,3904.03,926.5
ORD-101074,2020-08-22,2020-09-07,CUST-7465,Emily Brown,Corporate,Germany,Asia-Pacific,Furniture,Phones,Product C,3786.68,16,0.05,1150.78,543.52
ORD-101075,2023-12-02,2023-12-18,CUST-7768,Robert Wilson,Corporate,United Kingdom,Americas,Technology,Copiers,Product A,2349.68,7,0.0,843.16,175.27
ORD-101076,2021-03-25,2021-04-17,CUST-8457,Sarah Johnson,Consumer,Germany,Asia-Pacific,Office Supplies,Copiers,Product A,84.56,12,0.0,23.4,10.77
ORD-101077,2022-10-31,2022-11-08,CUST-7155,Emily Brown,Home Office,Canada,Americas,Office Supplies,Desks,Product C,54.72,9,0.0,13.59,8.13
,2019-09-18,2019-10-02,CUST-6744,Mike Davis,Home Office,France,Europe,Office Supplies,Chairs,Product C,386.64,14,0.05,91.94,25.82
ORD-101079,2021-06-10,2021-06-15,CUST-8196,Robert Wilson,Consumer,France,Americas,Technology,Desks,Product B,5920.74,13,0.05,1501.19,318.15
ORD-101080,2020-08-29,2020-09-26,CUST-5003,Emily Brown,Home Office,United Kingdom,Europe,Furniture,Paper,Product D,3393.14,18,0.0,538.65,486.56
ORD-101081,2023-08-27,2023-09-25,CUST-5574,Robert Wilson,Corporate,United Kingdom,Asia-Pacific,Technology,Paper,Product A,3963.6,6,0.0,1374.0,550.94
ORD-101082,2020-08-30,2020-09-28,CUST-8411,John Smith,Home Office,Australia,Americas,Office Supplies,Chairs,Product B,256.22,13,0.0,93.91,
ORD-101083,2020-01-06,2020-01-26,CUST-6356,Emily Brown,Consumer,Germany,Asia-Pacific,Technology,Paper,Product C,3682.36,10,0.0,518.78,
ORD-101084,2021-07-12,2021-08-10,CUST-5356,Emily Brown,Corporate,Canada,Europe,Technology,Copiers,Product A,5041.73,8,0.0,594.23,651.06
ORD-101085,2022-11-04,2022-11-10,CUST-6055,John Smith,Home Office,France,Europe,Technology,Phones,Product A,15150.29,16,0.0,3839.91,2053.81
ORD-101086,2019-10-20,2019-11-16,CUST-7653,Emily Brown,Consumer,United States,Americas,Furniture,Desks,Product B,2888.76,13,0.0,480.23,295.17
ORD-101087,2021-01-05,2021-02-01,CUST-5414,Mike Davis,Consumer,Mexico,Americas,Technology,Phones,Product B,4374.94,5,0.1,1697.52,536.08
ORD-101088,2023-03-04,2023-03-09,CUST-5031,Sarah Johnson,Corporate,United States,Europe,Technology,Phones,Product A,6318.83,23,0.25,1664.59,816.4
ORD-101089,2021-12-26,2022-01-17,CUST-7255,Emily Brown,Corporate,Australia,Europe,Office Supplies,Copiers,Product B,488.47,11,0.0,116.23,66.7
ORD-101090,2020-08-04,2020-08-26,CUST-5037,John Smith,Corporate,Mexico,Americas,Technology,Desks,Product A,1659.1,4,0.15,484.13,108.12
ORD-101091,2022-10-15,2022-10-20,CUST-6377,Emily Brown,Home Office,Germany,Americas,Furniture,Phones,Product C,4282.0,10,0.0,911.32,627.5
ORD-101092,2023-10-09,2023-11-01,CUST-7148,Robert Wilson,Corporate,Mexico,Americas,Office Supplies,Paper,Product B,960.75,24,0.0,116.2,71.85
ORD-101093,2021-01-02,2021-01-12,CUST-6167,Emily Brown,Corporate,United Kingdom,Europe,Furniture,Paper,Product C,5640.79,15,0.0,1229.02,834.73
ORD-101094,2022-08-02,2022-08-14,CUST-6315,Emily Brown,Consumer,United States,Americas,Technology,Chairs,Product D,12129.73,21,0.0,4119.3,
ORD-101095,2021-08-14,2021-09-07,CUST-5256,Robert Wilson,Consumer,United States,Asia-Pacific,Furniture,Desks,Product B,5427.99,16,0.2,565.74,394.42
ORD-101096,2023-11-18,2023-12-02,CUST-6730,Sarah Johnson,Home Office,United States,Americas,Technology,Copiers,Product D,10481.13,14,0.0,2010.78,967.22
ORD-101097,2019-12-18,2019-12-28,CUST-8205,Robert Wilson,Corporate,United States,Americas,Office Supplies,Copiers,Product B,457.33,11,0.15,122.27,36.47
ORD-101098,2020-07-21,2020-08-19,CUST-8429,Sarah Johnson,Home Office,United Kingdom,Asia-Pacific,Office Supplies,Paper,Product A,302.85,10,0.1,51.12,39.41
ORD-101099,2022-05-28,2022-06-07,CUST-6287,Sarah Johnson,Home Office,United Kingdom,Europe,Technology,Copiers,Product A,15043.63,17,0.0,5609.33,1174.05
ORD-101100,2020-07-29,2020-08-12,CUST-5767,Sarah Johnson,Consumer,United States,Europe,Technology,Copiers,Product D,2780.01,5,0.25,1029.32,289.04
ORD-101101,2023-11-17,2023-12-11,CUST-6854,Emily Brown,Home Office,Canada,Americas,Furniture,Binders,Product B,3757.14,10,0.0,756.81,225.99
ORD-101102,2023-02-10,2023-02-23,CUST-6025,Emily Brown,Consumer,Germany,Europe,Technology,Chairs,Product B,10431.86,17,0.0,1186.29,671.59
ORD-101103,2020-04-12,2020-04-22,CUST-6459,John Smith,Home Office,France,Europe,Furniture,Tables,Product A,1575.12,4,0.0,394.26,126.45
ORD-101104,2019-02-14,2019-03-12,CUST-8315,John Smith,Corporate,United States,Americas,Furniture,Copiers,Product B,8972.94,18,0.0,2880.02,466.82
ORD-101105,2023-06-10,2023-06-17,CUST-5461,Robert Wilson,Consumer,Mexico,Americas,Office Supplies,Phones,Product D,183.04,6,0.0,69.49,22.74
,2022-02-08,2022-02-24,CUST-7911,Emily Brown,Consumer,Australia,Americas,Technology,Binders,Product A,4304.52,6,0.0,1712.49,230.63
ORD-101107,2023-04-17,2023-05-08,CUST-5815,Sarah Johnson,Consumer,Mexico,Asia-Pacific,Office Supplies,Paper,Product A,202.61,9,0.05,58.61,17.01
ORD-101108,2022-05-23,2022-06-03,CUST-8395,John Smith,Home Office,United States,Europe,Office Supplies,Desks,Product A,143.84,21,0.0,35.77,
ORD-101109,2023-12-20,2023-12-30,CUST-8137,Robert Wilson,Home Office,United Kingdom,Europe,Technology,Phones,Product C,2903.76,14,0.05,546.83,414.13
ORD-101110,2019-11-17,,CUST-6687,Emily Brown,Corporate,Canada,Americas,Technology,Phones,Product D,1489.8,7,0.0,400.36,86.41
ORD-101111,2020-03-01,2020-03-12,CUST-8381,Mike Davis,Corporate,Australia,Europe,Office Supplies,Binders,Product A,100.33,6,0.0,35.85,5.19
ORD-101112,2023-06-08,2023-06-20,CUST-7618,Sarah Johnson,Corporate,United States,Europe,Technology,Binders,Product B,1618.7,5,0.0,395.78,234.54
ORD-101113,2023-03-28,2023-04-12,CUST-7659,Sarah Johnson,Consumer,Canada,Asia-Pacific,Technology,Phones,Product B,2684.77,6,0.0,765.3,245.13
ORD-101114,2023-04-07,2023-05-01,CUST-5945,Robert Wilson,Home Office,Australia,Asia-Pacific,Technology,Phones,Product A,3302.91,8,0.0,915.41,246.46
ORD-101115,2021-11-16,2021-11-24,CUST-8128,John Smith,Home Office,Australia,Asia-Pacific,Furniture,Paper,Product C,1585.19,6,0.0,195.62,118.32
ORD-101116,2022-02-11,2022-02-24,CUST-7167,Emily Brown,Consumer,Germany,Asia-Pacific,Furniture,Paper,Product C,3625.58,10,0.05,1105.11,324.44
ORD-101117,2023-09-20,2023-09-30,CUST-7610,Emily Brown,Home Office,France,Americas,Technology,Paper,Product C,1143.28,2,0.05,360.77,162.4
ORD-101118,2019-12-26,2020-01-04,CUST-6721,Mike Davis,Corporate,Australia,Asia-Pacific,Office Supplies,Binders,Product C,100.94,8,0.0,32.18,8.5
ORD-101119,2020-03-26,2020-04-16,CUST-6547,Emily Brown,Home Office,Mexico,Asia-Pacific,Office Supplies,Tables,Product C,243.28,6,0.0,27.2,21.46
ORD-101120,2019-12-07,2019-12-19,CUST-8700,Robert Wilson,Corporate,United States,Asia-Pacific,Technology,Paper,Product D,9797.26,17,0.2,2958.13,972.49
ORD-101121,2023-02-11,2023-03-07,CUST-7151,John Smith,Corporate,United States,Europe,Technology,Desks,Product A,4624.14,7,0.0,759.75,443.66
ORD-101122,2020-07-20,2020-08-17,CUST-5802,Sarah Johnson,Consumer,Mexico,Asia-Pacific,Furniture,Chairs,Product C,2965.36,12,0.2,788.65,421.42
ORD-101123,2023-08-21,2023-09-06,CUST-8416,Robert Wilson,Home Office,Canada,Asia-Pacific,Technology,Desks,Product A,2983.88,15,0.1,701.77,312.16
ORD-101124,2021-05-11,2021-05-31,,Mike Davis,Consumer,Mexico,Americas,Technology,Binders,Product D,7659.45,10,0.2,1538.27,791.8
ORD-101125,2019-04-16,2019-05-05,CUST-6432,Sarah Johnson,Consumer,France,Europe,Office Supplies,Tables,Product B,140.5,24,0.15,30.72,17.32
ORD-101126,2021-09-23,2021-10-06,CUST-5709,John Smith,Consumer,France,Asia-Pacific,Technology,Paper,Product C,9642.23,16,0.05,2892.61,843.06
ORD-101127,2020-03-19,2020-03-27,CUST-8042,Sarah Johnson,Home Office,United States,Asia-Pacific,Furniture,Tables,Product A,1979.93,4,0.0,616.76,110.43
ORD-101128,2021-11-06,2021-11-17,CUST-5232,Sarah Johnson,Home Office,Canada,Asia-Pacific,Furniture,Tables,Product D,7448.57,24,0.0,1263.57,
ORD-101129,2022-12-03,2022-12-28,CUST-6565,Sarah Johnson,Home Office,Mexico,Asia-Pacific,Furniture,Tables,Product A,4069.17,12,0.0,580.27,554.66
ORD-101130,2021-03-14,2021-04-09,CUST-8147,Robert Wilson,Consumer,Canada,Asia-Pacific,Furniture,Paper,Product D,7115.52,22,0.1,1330.51,706.78
ORD-101131,2019-02-24,2019-03-15,CUST-6773,Mike Davis,Home Office,Germany,Europe,Furniture,Desks,Product C,2608.72,8,0.0,265.52,136.9
ORD-101132,2023-07-24,2023-07-30,CUST-5103,John Smith,Home Office,Australia,Europe,Office Supplies,Binders,Product C,227.81,12,0.0,91.07,25.39
ORD-101133,2020-07-29,2020-08-22,CUST-5858,John Smith,Corporate,United Kingdom,Americas,Technology,Desks,Product C,7756.42,11,0.1,1635.11,835.3
ORD-101134,2022-05-22,2022-05-27,CUST-7607,Mike Davis,Corporate,United States,Americas,Furniture,Binders,Product B,1187.29,3,0.0,145.89,174.96
ORD-101135,2020-02-18,2020-02-25,CUST-5004,John Smith,Corporate,Mexico,Asia-Pacific,Furniture,Binders,Product B,876.26,4,0.0,203.64,76.6
ORD-101136,2022-07-15,2022-08-10,CUST-6642,Robert Wilson,Consumer,United Kingdom,Americas,Furniture,Tables,Product D,5479.36,13,0.05,2055.28,572.85
ORD-101137,2020-07-12,2020-08-07,CUST-8500,Robert Wilson,Consumer,Mexico,Europe,Technology,Desks,Product D,14397.07,16,0.0,5227.24,1077.36
ORD-101138,2021-08-16,2021-09-02,CUST-8090,Sarah Johnson,Consumer,Australia,Europe,Technology,Tables,Product D,4190.14,8,0.05,863.89,344.91
ORD-101139,2020-09-10,2020-09-17,CUST-5618,Sarah Johnson,Corporate,United Kingdom,Europe,Furniture,Binders,Product B,2514.73,7,0.0,936.7,204.8
ORD-101140,2019-10-29,2019-11-08,CUST-8558,Sarah Johnson,Consumer,United States,Europe,Technology,Copiers,Product C,1558.91,3,0.15,475.54,
ORD-101141,2021-11-17,2021-12-09,CUST-6221,Mike Davis,Corporate,Canada,Americas,Furniture,Binders,Product A,3966.42,11,0.0,978.37,528.64
ORD-101142,2020-07-23,2020-08-02,CUST-5125,Sarah Johnson,Consumer,United Kingdom,Americas,Furniture,Binders,Product A,2095.47,9,0.0,248.68,276.07
ORD-101143,2019-10-31,2019-11-12,,Sarah Johnson,Home Office,United Kingdom,Europe,Office Supplies,Tables,Product B,462.03,15,0.0,162.43,29.16
ORD-101144,2023-07-11,2023-07-27,CUST-7863,John Smith,Corporate,United Kingdom,Asia-Pacific,Furniture,Chairs,Product B,5706.22,14,0.0,812.53,587.87
ORD-101145,2023-10-19,2023-11-06,CUST-8418,Sarah Johnson,Consumer,Mexico,Americas,Technology,Tables,Product C,6543.87,17,0.1,1530.07,502.93
ORD-101146,2023-02-19,2023-03-16,CUST-5190,Emily Brown,Home Office,Australia,Asia-Pacific,Technology,Copiers,Product C,13531.7,16,0.0,3630.12,1773.1
,2022-09-25,2022-10-10,CUST-6258,Sarah Johnson,Home Office,Germany,Europe,Furniture,Chairs,Product C,4636.49,23,0.0,783.69,474.23
ORD-101148,2023-04-23,2023-05-18,CUST-8491,Mike Davis,Consumer,Germany,Asia-Pacific,Furniture,Tables,Product D,7368.92,15,0.0,1318.63,1014.97
ORD-101149,2022-10-07,2022-10-22,CUST-7841,Mike Davis,Corporate,Australia,Americas,Office Supplies,Tables,Product D,526.74,16,0.0,178.25,51.0
ORD-101150,2023-02-04,2023-02-11,CUST-5454,Emily Brown,Corporate,Mexico,Americas,Office Supplies,Phones,Product B,61.26,9,0.0,9.19,4.58
ORD-101151,2019-10-06,2019-10-22,CUST-8534,John Smith,Consumer,United States,Asia-Pacific,Office Supplies,Desks,Product D,924.21,23,0.15,114.27,134.78
ORD-101152,2022-08-07,2022-08-18,CUST-6055,Mike Davis,Corporate,Australia,Asia-Pacific,Office Supplies,Tables,Product A,187.52,5,0.05,60.38,24.89
ORD-101153,2023-03-19,2023-03-29,CUST-7765,Robert Wilson,Consumer,Mexico,Asia-Pacific,Office Supplies,Binders,Product B,410.95,9,0.0,53.36,53.06
ORD-101154,2020-02-14,2020-02-24,CUST-5137,Emily Brown,Consumer,Canada,Asia-Pacific,Technology,Desks,Product C,15331.01,17,0.0,2010.93,
ORD-101155,2021-10-20,2021-11-16,CUST-7720,Emily Brown,Corporate,France,Americas,Technology,Copiers,Product D,17450.71,23,0.15,4040.24,2500.36
ORD-101156,2019-09-11,2019-09-25,CUST-8076,Robert Wilson,Corporate,United Kingdom,Asia-Pacific,Technology,Copiers,Product B,2902.4,4,0.0,949.48,241.65
ORD-101157,2023-04-25,2023-05-06,CUST-7746,Robert Wilson,Consumer,United Kingdom,Asia-Pacific,Office Supplies,Phones,Product D,552.14,13,0.0,72.64,81.57
ORD-101158,2021-11-21,2021-12-14,CUST-7784,Robert Wilson,Consumer,United States,Europe,Furniture,Chairs,Product B,2167.55,14,0.0,589.2,152.55
ORD-101159,2019-06-17,2019-06-28,CUST-8411,John Smith,Consumer,United Kingdom,Americas,Office Supplies,Phones,Product A,498.72,12,0.0,133.93,72.7
ORD-101160,2023-10-29,2023-11-22,CUST-7587,Robert Wilson,Consumer,Mexico,Americas,Furniture,Paper,Product A,357.13,1,0.0,46.75,38.16
ORD-101161,2020-05-29,2020-06-07,CUST-5091,Mike Davis,Home Office,United States,Europe,Technology,Binders,Product C,9392.83,18,0.1,2757.09,1062.58
ORD-101162,2020-07-25,2020-08-01,CUST-8422,Mike Davis,Corporate,France,Europe,Technology,Tables,Product D,11903.8,20,0.0,2478.38,1453.25
ORD-101163,2021-03-18,2021-03-28,CUST-5992,Emily Brown,Corporate,Canada,Asia-Pacific,Furniture,Phones,Product B,1848.25,7,0.0,632.96,133.62
ORD-101164,2021-10-14,2021-11-08,,Mike Davis,Corporate,Mexico,Europe,Furniture,Copiers,Product D,828.35,3,0.0,314.41,65.6
ORD-101165,2020-10-20,2020-10-26,CUST-5894,Sarah Johnson,Home Office,Germany,Europe,Technology,Phones,Product D,4908.44,15,0.05,593.4,264.85
ORD-101166,2022-04-01,2022-04-24,CUST-6009,John Smith,Home Office,Australia,Asia-Pacific,Furniture,Phones,Product B,1016.79,10,0.0,159.04,
ORD-101167,2021-12-10,2021-12-20,CUST-6092,Sarah Johnson,Corporate,Australia,Europe,Technology,Copiers,Product A,1071.92,3,0.0,193.42,104.46
ORD-101168,2021-11-05,2021-11-15,CUST-8203,Sarah Johnson,Corporate,United Kingdom,Europe,Office Supplies,Chairs,Product A,676.41,18,0.0,152.57,40.46
ORD-101169,2020-11-16,2020-12-05,CUST-7589,Sarah Johnson,Home Office,Australia,Asia-Pacific,Furniture,Phones,Product A,1915.25,19,0.0,692.8,141.51
ORD-101170,2023-02-15,,CUST-6749,Emily Brown,Corporate,Mexico,Asia-Pacific,Technology,Tables,Product B,6608.35,15,0.15,2268.0,794.95
ORD-101171,2020-09-17,2020-10-01,CUST-7814,Sarah Johnson,Corporate,Germany,Europe,Furniture,Phones,Product B,4232.54,14,0.0,1192.84,
ORD-101172,2020-06-09,2020-06-20,CUST-5828,Mike Davis,Corporate,Mexico,Americas,Office Supplies,Copiers,Product C,100.26,3,0.0,21.53,13.4
ORD-101173,2022-07-20,2022-08-15,CUST-5503,John Smith,Home Office,United Kingdom,Asia-Pacific,Technology,Binders,Product B,398.19,1,0.0,88.64,49.62
ORD-101174,2023-01-02,2023-01-26,CUST-5670,Robert Wilson,Corporate,France,Asia-Pacific,Office Supplies,Binders,Product C,746.83,20,0.0,197.26,97.82
ORD-101175,2019-12-18,2020-01-01,CUST-5037,John Smith,Corporate,Germany,Americas,Furniture,Phones,Product D,4913.86,18,0.0,1561.13,390.83
,2019-12-23,2020-01-03,,John Smith,Home Office,Canada,Americas,Office Supplies,Chairs,Product D,744.79,23,0.0,275.07,65.92
ORD-101177,2022-02-11,2022-03-11,CUST-8902,John Smith,Home Office,Germany,Asia-Pacific,Office Supplies,Desks,Product D,74.11,6,0.05,12.88,
ORD-101178,2021-04-16,2021-04-29,CUST-8887,Mike Davis,Home Office,United States,Europe,Furniture,Chairs,Product A,2456.58,15,0.05,644.15,236.08
ORD-101179,2019-01-06,2019-01-20,CUST-6978,Sarah Johnson,Consumer,France,Americas,Furniture,Binders,Product C,1300.84,10,0.0,147.6,68.96
ORD-101180,2022-11-22,2022-12-10,CUST-6488,Mike Davis,Corporate,United States,Americas,Office Supplies,Binders,Product D,1066.03,22,0.0,184.05,133.8
ORD-101181,2023-07-24,2023-08-04,CUST-6995,John Smith,Home Office,United Kingdom,Americas,Furniture,Phones,Product C,4173.37,14,0.0,603.5,267.66
ORD-101182,2023-03-02,2023-03-08,CUST-7194,Robert Wilson,Corporate,Australia,Americas,Technology,Copiers,Product D,1346.74,3,0.15,382.88,118.36
ORD-101183,2022-04-27,2022-05-15,CUST-6833,John Smith,Corporate,Canada,Asia-Pacific,Office Supplies,Copiers,Product B,48.12,8,0.0,6.94,
ORD-101184,2022-12-24,2023-01-08,CUST-6942,John Smith,Home Office,France,Asia-Pacific,Office Supplies,Paper,Product C,848.1,24,0.0,294.43,83.24
ORD-101185,2023-09-21,2023-10-15,CUST-6096,Emily Brown,Home Office,Canada,Asia-Pacific,Furniture,Binders,Product C,3829.22,8,0.0,832.35,
ORD-101186,2022-04-06,2022-04-17,CUST-6857,Robert Wilson,Consumer,France,Asia-Pacific,Technology,Phones,Product D,5191.83,19,0.25,679.32,719.37
ORD-101187,2019-12-15,2020-01-09,CUST-7867,Sarah Johnson,Home Office,Mexico,Americas,Office Supplies,Copiers,Product D,166.59,15,0.05,60.03,15.89
ORD-101188,2023-03-14,2023-03-22,CUST-8917,Sarah Johnson,Home Office,France,Asia-Pacific,Technology,Copiers,Product D,554.38,1,0.05,210.84,42.91
ORD-101189,2021-11-01,2021-11-13,CUST-6581,Sarah Johnson,Corporate,France,Americas,Furniture,Desks,Product B,3387.52,16,0.0,958.87,318.88
ORD-101190,2022-01-12,2022-01-18,CUST-8567,Emily Brown,Home Office,United Kingdom,Europe,Technology,Chairs,Product D,13155.33,15,0.05,4804.0,1503.87
ORD-101191,2023-02-03,2023-02-22,CUST-5432,John Smith,Home Office,United States,Asia-Pacific,Furniture,Tables,Product A,3066.5,9,0.0,426.98,180.57
ORD-101192,2021-09-23,2021-10-04,CUST-6028,Mike Davis,Home Office,France,Europe,Office Supplies,Binders,Product D,180.4,13,0.15,37.26,21.48
ORD-101193,2021-03-26,2021-04-23,,Sarah Johnson,Consumer,Mexico,Asia-Pacific,Technology,Desks,Product D,7628.15,9,0.1,3028.23,464.46
ORD-101194,2019-08-10,2019-08-29,CUST-8816,Emily Brown,Home Office,Canada,Americas,Office Supplies,Paper,Product B,295.58,16,0.05,53.08,31.3
ORD-101195,2023-05-28,2023-06-06,,Emily Brown,Consumer,United Kingdom,Europe,Technology,Chairs,Product A,3482.88,4,0.0,1159.73,403.39
ORD-101196,2022-01-25,2022-02-21,CUST-6809,Robert Wilson,Home Office,Germany,Asia-Pacific,Technology,Desks,Product B,4528.9,8,0.05,477.44,602.55
ORD-101197,2023-10-04,2023-10-13,CUST-5436,Sarah Johnson,Corporate,Australia,Asia-Pacific,Furniture,Tables,Product D,7306.54,16,0.05,2286.69,488.81
ORD-101198,2022-11-10,2022-11-24,CUST-7566,Mike Davis,Corporate,Mexico,Europe,Office Supplies,Paper,Product C,102.62,5,0.0,13.49,13.9
ORD-101199,2023-07-06,2023-08-04,CUST-8736,Robert Wilson,Corporate,United States,Americas,Office Supplies,Binders,Product A,322.35,14,0.0,36.4,45.37
ORD-101200,2021-08-10,2021-08-25,CUST-8100,Mike Davis,Consumer,United Kingdom,Americas,Furniture,Desks,Product A,3657.1,10,0.05,492.4,390.71
